<?xml version="1.0" encoding="utf-8" ?>
<Defs>


  <ThingDef Name="BaseMarroMeleeWeapon" Abstract="True" ParentName="BaseWeapon">
    <techLevel>Industrial</techLevel>
    <smeltable>true</smeltable>
    <burnableByRecipe>true</burnableByRecipe>
    <thingCategories>
      <li>WeaponsMelee</li>
    </thingCategories>

    <recipeMaker>
      <workSpeedStat>GeneralLaborSpeed</workSpeedStat>
      <workSkill>Crafting</workSkill>
      <effectWorking>Smith</effectWorking>
      <soundWorking>Recipe_Smith</soundWorking>
      <recipeUsers>
        <li>BioForge</li>
      </recipeUsers>
      <unfinishedThingDef>UnfinishedWeapon</unfinishedThingDef>
    </recipeMaker>
    <inspectorTabs>
      <li>ITab_Art</li>
    </inspectorTabs>
  </ThingDef>
  
  
    <ThingDef Name="BaseMarroMeleeWeapon_Sharp" ParentName="BaseMarroMeleeWeapon" Abstract="True">
    <recipeMaker>
      <defaultIngredientFilter>
        <disallowedThingDefs>
          <li>Silver</li>
          <li>Gold</li>
        </disallowedThingDefs>
      </defaultIngredientFilter>
    </recipeMaker>
  </ThingDef>
  
  
  <ThingDef Name="BaseMarroMeleeWeapon_Sharp_Quality" Abstract="True" ParentName="BaseMarroMeleeWeapon_Sharp">
    <comps>
      <li>
        <compClass>CompQuality</compClass>
      </li>
    </comps>
  </ThingDef>
  


  <ThingDef ParentName="BaseMarroMeleeWeapon_Sharp_Quality">
    <defName>MeleeWeapon_Bone_Blade</defName>
    <label>Bone Blade</label>
    <description>A weapon that molds with any prince that equips it. It is fast and nimble.</description>
    <graphicData>
      <texPath>Things/Item/Equipment/BoneBlade</texPath>
      <graphicClass>Graphic_Single</graphicClass>
    </graphicData>
    <uiIconScale>1.2</uiIconScale>
    <techLevel>Neolithic</techLevel>
	<costList>
      <MarroFlesh>50</MarroFlesh>
    </costList>
    <weaponTags>
	  <li>MarroWarriorMelee</li>
    </weaponTags>
    <statBases>
      <WorkToMake>12000</WorkToMake>
      <Mass>0.85</Mass>
    </statBases>
    <equippedAngleOffset>-29</equippedAngleOffset>
    <tools>
      <li>
        <label>handle</label>
        <capacities>
          <li>Blunt</li>
        </capacities>
        <power>9</power>
        <cooldownTime>2</cooldownTime>
      </li>
      <li>
        <label>point</label>
        <capacities>
          <li>Stab</li>
        </capacities>
        <power>16</power>
        <cooldownTime>2</cooldownTime>
      </li>
      <li>
        <label>edge</label>
        <capacities>
          <li>Cut</li>
        </capacities>
        <power>20</power>
        <cooldownTime>2</cooldownTime>
      </li>
    </tools>
    <recipeMaker>
      <researchPrerequisite>MarroMelee</researchPrerequisite>
      <skillRequirements>
        <Crafting>3</Crafting>
      </skillRequirements>
    </recipeMaker>
  </ThingDef>
  
  
  <ThingDef ParentName="BaseMarroMeleeWeapon_Sharp_Quality">
    <defName>MeleeWeapon_Impaler</defName>
    <label>impaler</label>
    <description>A biological spear. It attacks very rapidly.</description>
    <graphicData>
      <texPath>Things/Item/Equipment/Impaler</texPath>
      <graphicClass>Graphic_Single</graphicClass>
    </graphicData>
    <techLevel>Neolithic</techLevel>
    <weaponTags>
	  <li>MarroWarriorMelee</li>
    </weaponTags>
    <thingSetMakerTags><li>RewardStandardQualitySuper</li></thingSetMakerTags>
    <statBases>
      <WorkToMake>12000</WorkToMake>
      <Mass>2</Mass>
    </statBases>
    <equippedAngleOffset>-25</equippedAngleOffset>
    <tools>
      <li>
        <label>point</label>
        <capacities>
          <li>Stab</li>
        </capacities>
        <power>17</power>
        <armorPenetration>0.50</armorPenetration>
        <cooldownTime>1.5</cooldownTime>
      </li>
    </tools>
	<costList>
      <MarroFlesh>50</MarroFlesh>
    </costList>
    <recipeMaker>
      <researchPrerequisite>MarroMelee</researchPrerequisite>
      <skillRequirements>
        <Crafting>4</Crafting>
      </skillRequirements>
    </recipeMaker>
  </ThingDef>  
  
  
  <ThingDef ParentName="BaseMarroMeleeWeapon_Sharp_Quality">
    <defName>MeleeWeapon_BoneAxe</defName>
    <label>boneaxe</label>
    <description>A large biological axe. Slow attack speed but very powerful.</description>
    <graphicData>
      <texPath>Things/Item/Equipment/BoneAxe</texPath>
      <graphicClass>Graphic_Single</graphicClass>
    </graphicData>
    <techLevel>Medieval</techLevel>
    <weaponTags>
	  <li>MarroWarriorMelee</li>
    </weaponTags>
    <thingSetMakerTags><li>RewardStandardQualitySuper</li></thingSetMakerTags>
    <statBases>
      <WorkToMake>18000</WorkToMake>
      <Mass>2</Mass>
    </statBases>
    <equippedAngleOffset>-65</equippedAngleOffset>
    <tools>
      <li>
        <label>handle</label>
        <capacities>
          <li>Blunt</li>
        </capacities>
        <power>9</power>
        <cooldownTime>2</cooldownTime>
      </li>
      <li>
        <label>point</label>
        <capacities>
          <li>Stab</li>
        </capacities>
        <power>23</power>
        <cooldownTime>2.6</cooldownTime>
      </li>
      <li>
        <label>edge</label>
        <capacities>
          <li>Cut</li>
        </capacities>
        <power>30</power>
        <cooldownTime>2.9</cooldownTime>
      </li>
    </tools>
    <recipeMaker>
      <researchPrerequisite>MarroMelee</researchPrerequisite>
      <skillRequirements>
        <Crafting>5</Crafting>
      </skillRequirements>
    </recipeMaker>
	<costList>
      <MarroFlesh>50</MarroFlesh>
    </costList>
  </ThingDef>  
  
  
  <ThingDef ParentName="BaseMarroMeleeWeapon_Sharp_Quality">
    <defName>MeleeWeapon_BoneCleaver</defName>
    <label>bone cleaver</label>
    <description>A large biological cleaver. Crazy large weapon large enough to cut people in half.</description>
    <graphicData>
      <texPath>Things/Item/Equipment/Cleaver</texPath>
      <graphicClass>Graphic_Single</graphicClass>
	  <drawSize>1.8</drawSize>
    </graphicData>
	<comps>
		<li Class="CompOversizedWeapon.CompProperties_OversizedWeapon">
			<eastOffset>(0.1,0,0)</eastOffset>
			<westOffset>(-0.1,0,0)</westOffset>
			<southOffset>(0,0,0)</southOffset>
			<northOffset>(0,0,0)</northOffset>
		</li>
	</comps>
    <techLevel>Medieval</techLevel>
    <weaponTags>
	  <li>MarroHiverlordMelee</li>
    </weaponTags>
    <thingSetMakerTags><li>RewardStandardQualitySuper</li></thingSetMakerTags>
    <statBases>
      <WorkToMake>18000</WorkToMake>
      <Mass>7</Mass>
    </statBases>
    <equippedAngleOffset>-65</equippedAngleOffset>
    <tools>
      <li>
        <label>handle</label>
        <capacities>
          <li>Blunt</li>
        </capacities>
        <power>20</power>
        <cooldownTime>2</cooldownTime>
      </li>
      <li>
        <label>point</label>
        <capacities>
          <li>Stab</li>
        </capacities>
        <power>30</power>
        <cooldownTime>2.6</cooldownTime>
      </li>
      <li>
        <label>edge</label>
        <capacities>
          <li>Cut</li>
        </capacities>
        <power>40</power>
        <cooldownTime>2.9</cooldownTime>
      </li>
    </tools>
    <recipeMaker>
      <researchPrerequisite>BoneCleaver</researchPrerequisite>
      <skillRequirements>
        <Crafting>8</Crafting>
      </skillRequirements>
    </recipeMaker>
	<costList>
      <MarroFlesh>100</MarroFlesh>
	  <Steel>50</Steel>
    </costList>
  </ThingDef>  
  
  
</Defs>