<?xml version="1.0" encoding="utf-8" ?>
<Defs>


  <ThingDef Name="BaseMakeableGun1" ParentName="BaseGunWithQuality" Abstract="True">
    <recipeMaker>
      <workSpeedStat>GeneralLaborSpeed</workSpeedStat>
      <workSkill>Crafting</workSkill>
      <effectWorking>Smith</effectWorking>
      <soundWorking>Recipe_Smith</soundWorking>
      <recipeUsers>
        <li>BioForge</li>
      </recipeUsers>
      <unfinishedThingDef>UnfinishedGun</unfinishedThingDef>
    </recipeMaker>
  </ThingDef>

  <ThingDef Name="BaseMarroMakeableGun" ParentName="BaseMakeableGun1" Abstract="True">
    <comps>
      <li Class="CompProperties_BiocodableWeapon"/>
    </comps>
  </ThingDef>



  <ThingDef ParentName="BaseMarroMakeableGun">
    <defName>Gun_Biogun</defName>
    <label>bio gun</label>
    <description>A biological gun used by the marro.</description>
    <graphicData>
      <texPath>Things/Item/Equipment/Biogun</texPath>
      <graphicClass>Graphic_Single</graphicClass>
    </graphicData>
    <soundInteract>Interact_Rifle</soundInteract>
    <statBases>
      <WorkToMake>12000</WorkToMake>
      <Mass>3.5</Mass>
      <AccuracyTouch>0.65</AccuracyTouch>
      <AccuracyShort>0.80</AccuracyShort>
      <AccuracyMedium>0.90</AccuracyMedium>
      <AccuracyLong>0.80</AccuracyLong>
      <RangedWeapon_Cooldown>1.5</RangedWeapon_Cooldown>
    </statBases>
    <costList>
      <MarroFlesh>70</MarroFlesh>
    </costList>
    <recipeMaker>
      <skillRequirements>
        <Crafting>5</Crafting>
      </skillRequirements>
      <researchPrerequisite>MarroRanged</researchPrerequisite>
    </recipeMaker>
    <verbs>
      <li>
        <verbClass>Verb_Shoot</verbClass>
        <hasStandardCommand>true</hasStandardCommand>
        <defaultProjectile>Bullet_Biogun</defaultProjectile>
        <warmupTime>1.2</warmupTime>
        <range>30</range>
        <soundCast>Shot_BoltActionRifle</soundCast>
        <soundCastTail>GunTail_Heavy</soundCastTail>
        <muzzleFlashScale>9</muzzleFlashScale>
      </li>
    </verbs>
    <tools>
      <li>
        <label>stock</label>
        <capacities>
          <li>Blunt</li>
        </capacities>
        <power>9</power>
        <cooldownTime>2</cooldownTime>
      </li>
      <li>
        <label>barrel</label>
        <capacities>
          <li>Blunt</li>
          <li>Poke</li>
        </capacities>
        <power>9</power>
        <cooldownTime>2</cooldownTime>
      </li>
    </tools>
    <weaponTags>
      <li>MarroWarriorRanged</li>
    </weaponTags>
  </ThingDef>
  <ThingDef ParentName="BaseBullet">
    <defName>Bullet_Biogun</defName>
    <label>bio-bullet</label>
    <projectile>
      <damageDef>Bullet</damageDef>
      <damageAmountBase>23</damageAmountBase>
      <stoppingPower>3</stoppingPower>
      <speed>70</speed>
    </projectile>
    <graphicData>
      <texPath>Things/Projectile/Bullet_big</texPath>
      <graphicClass>Graphic_Single</graphicClass>
    </graphicData>
  </ThingDef>
  
  
 <ThingDef ParentName="BaseMarroMakeableGun">
    <defName>Gun_Biopistol</defName>
    <label>biopistol</label>
    <description>A biopistol. They link into a marros body to be used properally.</description>
    <graphicData>
      <texPath>Things/Item/Equipment/Biopistol</texPath>
      <graphicClass>Graphic_Single</graphicClass>
    </graphicData>
	<weaponTags>
      <li>MarroWarriorRanged</li>
    </weaponTags>
    <uiIconScale>1.5</uiIconScale>
    <soundInteract>Interact_Autopistol</soundInteract>
    <recipeMaker>
      <researchPrerequisite>MarroRanged</researchPrerequisite>
      <skillRequirements>
        <Crafting>4</Crafting>
      </skillRequirements>
    </recipeMaker>
    <statBases>
      <WorkToMake>5000</WorkToMake>
      <Mass>1.2</Mass>
      <AccuracyTouch>0.80</AccuracyTouch>
      <AccuracyShort>0.70</AccuracyShort>
      <AccuracyMedium>0.40</AccuracyMedium>
      <AccuracyLong>0.30</AccuracyLong>
      <RangedWeapon_Cooldown>1</RangedWeapon_Cooldown>
    </statBases>
    <costList>
      <MarroFlesh>54</MarroFlesh>
    </costList>
    <verbs>
      <li>
        <verbClass>Verb_Shoot</verbClass>
        <hasStandardCommand>true</hasStandardCommand>
        <defaultProjectile>Bullet_Biopistol</defaultProjectile>
        <warmupTime>0.2</warmupTime>
        <range>25.9</range>
        <soundCast>Shot_Autopistol</soundCast>
        <soundCastTail>GunTail_Light</soundCastTail>
        <muzzleFlashScale>9</muzzleFlashScale>
      </li>
    </verbs>
    <tools>
      <li>
        <label>grip</label>
        <capacities>
          <li>Blunt</li>
        </capacities>
        <power>9</power>
        <cooldownTime>2</cooldownTime>
      </li>
      <li>
        <label>barrel</label>
        <capacities>
          <li>Blunt</li>
          <li>Poke</li>
        </capacities>
        <power>9</power>
        <cooldownTime>2</cooldownTime>
      </li>
    </tools>
  </ThingDef>
  <ThingDef ParentName="BaseBullet">
    <defName>Bullet_Biopistol</defName>
    <label>biopistol bullet</label>
    <graphicData>
      <texPath>Things/Projectile/Bullet_Small</texPath>
      <graphicClass>Graphic_Single</graphicClass>
    </graphicData>
    <projectile>
      <damageDef>Bullet</damageDef>
      <damageAmountBase>10</damageAmountBase>
      <speed>55</speed>
    </projectile>
  </ThingDef>
  
  
  <ThingDef ParentName="BaseMarroMakeableGun">
    <defName>Gun_Stinger</defName>
    <label>Stinger</label>
    <description>This huge weapon is very effective. It does lots of damage and has a high rate of fire.</description>
    <equippedAngleOffset>1</equippedAngleOffset>
    <graphicData>
      <texPath>Things/Item/Equipment/Stinger</texPath>
      <graphicClass>Graphic_Single</graphicClass>
	  <drawSize>1.8</drawSize>
    </graphicData>
	<comps>
		<li Class="CompOversizedWeapon.CompProperties_OversizedWeapon">
			<eastOffset>(0.1,0,0)</eastOffset>
			<westOffset>(-0.1,0,0)</westOffset>
			<southOffset>(0,0,0)</southOffset>
			<northOffset>(0,0,0)</northOffset>
		</li>
	</comps>
    <soundInteract>Interact_Rifle</soundInteract>
    <recipeMaker>
      <researchPrerequisite>Stinger</researchPrerequisite>
      <skillRequirements>
        <Crafting>6</Crafting>
      </skillRequirements>
    </recipeMaker>
    <thingSetMakerTags><li>RewardStandardQualitySuper</li></thingSetMakerTags>
    <statBases>
      <WorkToMake>34000</WorkToMake>
      <Mass>8.5</Mass>
      <AccuracyTouch>0.60</AccuracyTouch>
      <AccuracyShort>0.5</AccuracyShort>
      <AccuracyMedium>0.40</AccuracyMedium>
      <AccuracyLong>0.60</AccuracyLong>
      <RangedWeapon_Cooldown>1.8</RangedWeapon_Cooldown>
    </statBases>
    <costList>
      <Steel>35</Steel>
      <MarroFlesh>45</MarroFlesh>
    </costList>
    <verbs>
      <li>
        <verbClass>Verb_Shoot</verbClass>
        <hasStandardCommand>true</hasStandardCommand>
        <defaultProjectile>Bullet_Stinger</defaultProjectile>
        <warmupTime>1.8</warmupTime>
        <range>28</range>
        <ticksBetweenBurstShots>12</ticksBetweenBurstShots>
        <burstShotCount>12</burstShotCount>
        <soundCast>Shot_Minigun</soundCast>
        <soundCastTail>GunTail_Medium</soundCastTail>
        <muzzleFlashScale>9</muzzleFlashScale>
      </li>
    </verbs>
    <weaponTags>
      <li>MarroHivelordRanged</li>
    </weaponTags>
    <tools>
      <li>
        <label>stock</label>
        <capacities>
          <li>Blunt</li>
        </capacities>
        <power>15</power>
        <cooldownTime>3</cooldownTime>
      </li>
      <li>
        <label>blade</label>
        <capacities>
          <li>Poke</li>
        </capacities>
        <power>20</power>
        <cooldownTime>4</cooldownTime>
      </li>
    </tools>
  </ThingDef>
  <ThingDef ParentName="BaseBullet">
    <defName>Bullet_Stinger</defName>
    <label>Stinger bullet</label>
    <graphicData>
      <texPath>Things/Projectile/Bullet_Small</texPath>
      <graphicClass>Graphic_Single</graphicClass>
    </graphicData>
    <projectile>
      <damageDef>Bullet</damageDef>
      <damageAmountBase>9</damageAmountBase>
      <stoppingPower>1</stoppingPower>
      <speed>46</speed>
    </projectile>
  </ThingDef>  
  
  
</Defs>