<?xml version="1.0" encoding="utf-8" ?>
<Defs>


<AlienRace.BackstoryDef>
	<defName>MarroWarriorA</defName>
	<title>Warrior</title>
	<titleShort>Warrior</titleShort>
	<baseDescription>This Marro is created for combat.</baseDescription>
	<slot>Childhood</slot>
	<spawnCategories>
		<li>MarroWarriorBackstory</li>
		<li>Marro</li>
	</spawnCategories>
	<bodyTypeGlobal>Male</bodyTypeGlobal>
	<skillGains>
      <li>
        <defName>Shooting</defName>
        <amount>2</amount>
      </li>
      <li>
        <defName>Melee</defName>
        <amount>2</amount>
      </li>
    </skillGains>
</AlienRace.BackstoryDef>


<AlienRace.BackstoryDef>
	<defName>MarroWarriorRanged</defName>
	<title>Drudge</title>
	<titleShort>Drudge</titleShort>
	<baseDescription>This Marro is created for combat. This one is gifted at ranged combat.</baseDescription>
	<slot>Adulthood</slot>
	<spawnCategories>
		<li>MarroWarriorBackstory</li>
		<li>Marro</li>
	</spawnCategories>
	<bodyTypeGlobal>Male</bodyTypeGlobal>
	<skillGains>
      <li>
        <defName>Shooting</defName>
        <amount>6</amount>
      </li>
    </skillGains>
</AlienRace.BackstoryDef>


<AlienRace.BackstoryDef>
	<defName>MarroWarriorImpaler</defName>
	<title>Warrior</title>
	<titleShort>Warrior</titleShort>
	<baseDescription>This Marro is created for combat. This melee based Marro is very fast.</baseDescription>
	<slot>Adulthood</slot>
	<spawnCategories>
		<li>MarroWarriorBackstory</li>
		<li>Marro</li>
	</spawnCategories>
	<bodyTypeGlobal>Male</bodyTypeGlobal>
	<skillGains>
      <li>
        <defName>Melee</defName>
        <amount>5</amount>
      </li>
    </skillGains>
    <forcedTraits>
      <li>
        <defName>SpeedOffset</defName>
        <degree>2</degree>
      </li>
    </forcedTraits>
</AlienRace.BackstoryDef>


<AlienRace.BackstoryDef>
	<defName>MarroWarriorLurker</defName>
	<title>Lurker</title>
	<titleShort>Lurker</titleShort>
	<baseDescription>This Marro is created for combat. This Marro is gifted at melee combat and especially tough.</baseDescription>
	<slot>Adulthood</slot>
	<spawnCategories>
		<li>MarroWarriorBackstory</li>
		<li>Marro</li>
	</spawnCategories>
	<bodyTypeGlobal>Male</bodyTypeGlobal>
	<skillGains>
      <li>
        <defName>Melee</defName>
        <amount>5</amount>
      </li>
    </skillGains>
	<forcedTraits>
      <li>
        <defName>Tough</defName>
      </li>
    </forcedTraits>
</AlienRace.BackstoryDef>


<AlienRace.BackstoryDef>
	<defName>MarroWarriorMedic</defName>
	<title>Medic</title>
	<titleShort>Meidc</titleShort>
	<baseDescription>This Marro is created for combat. This Marro was made to provide medical support in the field.</baseDescription>
	<slot>Adulthood</slot>
	<spawnCategories>
		<li>MarroWarriorBackstory</li>
		<li>Marro</li>
	</spawnCategories>
	<bodyTypeGlobal>Male</bodyTypeGlobal>
	<skillGains>
      <li>
        <defName>Medicine</defName>
        <amount>5</amount>
      </li>
    </skillGains>
	<forcedTraits>
      <li>
        <defName>Tough</defName>
      </li>
    </forcedTraits>
</AlienRace.BackstoryDef>


  <!--Overlord-->


<AlienRace.BackstoryDef>
	<defName>MarroOverlordA</defName>
	<title>Overlord</title>
	<titleShort>Overlord</titleShort>
	<baseDescription>This Marro is created for combat. They act as leaders in the field.</baseDescription>
	<slot>Childhood</slot>
	<spawnCategories>
		<li>MarroOverlordBackstory</li>
		<li>Marro</li>
	</spawnCategories>
	<bodyTypeGlobal>Male</bodyTypeGlobal>
	<skillGains>
      <li>
        <defName>Social</defName>
        <amount>3</amount>
      </li>
      <li>
        <defName>Shooting</defName>
        <amount>3</amount>
      </li>
      <li>
        <defName>Melee</defName>
        <amount>3</amount>
      </li>
    </skillGains>
</AlienRace.BackstoryDef>


<AlienRace.BackstoryDef>
	<defName>MarroOverlordJockey</defName>
	<title>Overlord</title>
	<titleShort>Overlord</titleShort>
	<baseDescription>This Marro is created for combat. This one is gifted at controlling creatures.</baseDescription>
	<slot>Adulthood</slot>
	<spawnCategories>
		<li>MarroOverlordBackstory</li>
		<li>Marro</li>
	</spawnCategories>
	<bodyTypeGlobal>Male</bodyTypeGlobal>
	<skillGains>
      <li>
        <defName>Animals</defName>
        <amount>7</amount>
      </li>
      <li>
        <defName>Medicine</defName>
        <amount>3</amount>
      </li>
    </skillGains>
</AlienRace.BackstoryDef>


<AlienRace.BackstoryDef>
	<defName>MarroOverlordBeserker</defName>
	<title>Beserker</title>
	<titleShort>Berserker</titleShort>
	<baseDescription>This Marro is created for combat. This one is created for melee.</baseDescription>
	<slot>Adulthood</slot>
	<spawnCategories>
		<li>MarroOverlordBackstory</li>
		<li>Marro</li>
	</spawnCategories>
	<bodyTypeGlobal>Male</bodyTypeGlobal>
	<skillGains>
      <li>
        <defName>Melee</defName>
        <amount>8</amount>
      </li>
    </skillGains>
</AlienRace.BackstoryDef>


<AlienRace.BackstoryDef>
	<defName>MarroOverlordSniper</defName>
	<title>Sniper</title>
	<titleShort>Sniper</titleShort>
	<baseDescription>This Marro is created for combat. This one is created for ranged combat.</baseDescription>
	<slot>Adulthood</slot>
	<spawnCategories>
		<li>MarroOverlordBackstory</li>
		<li>Marro</li>
	</spawnCategories>
	<bodyTypeGlobal>Male</bodyTypeGlobal>
	<skillGains>
      <li>
        <defName>Shooting</defName>
        <amount>8</amount>
      </li>
    </skillGains>
</AlienRace.BackstoryDef>








  <!--Hivelord-->

<AlienRace.BackstoryDef>
	<defName>MarroHivelorddA</defName>
	<title>Hivelord</title>
	<titleShort>Hivelord</titleShort>
	<baseDescription>This Marro is created for combat. They are extra smart.</baseDescription>
	<slot>Childhood</slot>
	<spawnCategories>
		<li>MarroHivelordBackstory</li>
		<li>Marro</li>
	</spawnCategories>
	<bodyTypeGlobal>Hulk</bodyTypeGlobal>
	<skillGains>
      <li>
        <defName>Intellectual</defName>
        <amount>4</amount>
      </li>
    </skillGains>
</AlienRace.BackstoryDef>


<AlienRace.BackstoryDef>
	<defName>MarroHivelordJockey</defName>
	<title>Hivelord</title>
	<titleShort>Hivelord</titleShort>
	<baseDescription>This Marro is created for combat. This one is gifted at controlling creatures.</baseDescription>
	<slot>Adulthood</slot>
	<spawnCategories>
		<li>MarroHivelordBackstory</li>
		<li>Marro</li>
	</spawnCategories>
	<bodyTypeGlobal>Hulk</bodyTypeGlobal>
	<skillGains>
      <li>
        <defName>Animals</defName>
        <amount>12</amount>
      </li>
      <li>
        <defName>Medicine</defName>
        <amount>4</amount>
      </li>
    </skillGains>
</AlienRace.BackstoryDef>


<AlienRace.BackstoryDef>
	<defName>MarroHivelordReaper</defName>
	<title>Reaper</title>
	<titleShort>Reaper</titleShort>
	<baseDescription>This Marro is created for combat. This one is gifted at Melee combat.</baseDescription>
	<slot>Adulthood</slot>
	<spawnCategories>
		<li>MarroHivelordBackstory</li>
		<li>Marro</li>
	</spawnCategories>
	<bodyTypeGlobal>Hulk</bodyTypeGlobal>
	<forcedTraits>
      <li>
        <defName>Tough</defName>
      </li>
    </forcedTraits>
	<skillGains>
      <li>
        <defName>Melee</defName>
        <amount>12</amount>
      </li>
    </skillGains>
</AlienRace.BackstoryDef>


<AlienRace.BackstoryDef>
	<defName>MarroHivelordKing</defName>
	<title>King</title>
	<titleShort>King</titleShort>
	<baseDescription>Kings are the ultimate evolution of Marro. They are extra smart and gifted in all forms of combat.</baseDescription>
	<slot>Adulthood</slot>
	<spawnCategories>
		<li>MarroHivelordBackstory</li>
		<li>Marro</li>
	</spawnCategories>
	<bodyTypeGlobal>Hulk</bodyTypeGlobal>
	<forcedTraits>
      <li>
        <defName>Tough</defName>
      </li>
    </forcedTraits>
	<skillGains>
      <li>
        <defName>Shooting</defName>
        <amount>9</amount>
      </li>
	        <li>
        <defName>Melee</defName>
        <amount>9</amount>
      </li>
	        <li>
        <defName>Intellectual</defName>
        <amount>7</amount>
      </li>
	        <li>
        <defName>Animals</defName>
        <amount>6</amount>
      </li>
    </skillGains>
</AlienRace.BackstoryDef>


<AlienRace.BackstoryDef>
	<defName>MarroHivelordSpecialist</defName>
	<title>Hivelord</title>
	<titleShort>Hivelord</titleShort>
	<baseDescription>This Marro is gifted in all sorts of specialist trades such as construction and crafting..</baseDescription>
	<slot>Adulthood</slot>
	<spawnCategories>
		<li>MarroHivelordBackstory</li>
		<li>Marro</li>
	</spawnCategories>
	<bodyTypeGlobal>Hulk</bodyTypeGlobal>
	<skillGains>
      <li>
        <defName>Construction</defName>
        <amount>9</amount>
      </li>
	        <li>
        <defName>Crafting</defName>
        <amount>9</amount>
      </li>
	        <li>
        <defName>Intellectual</defName>
        <amount>7</amount>
      </li>
	   <li>
        <defName>Mining</defName>
        <amount>6</amount>
      </li>
    </skillGains>
</AlienRace.BackstoryDef>


  <!--Worker-->


<AlienRace.BackstoryDef>
	<defName>MarroWorkerA</defName>
	<title>Worker</title>
	<titleShort>Worker</titleShort>
	<baseDescription>This Marro is created for the hard work a colony needs to survive.</baseDescription>
	<slot>Childhood</slot>
	<spawnCategories>
		<li>MarroWorkerBackstory</li>
		<li>Marro</li>
	</spawnCategories>
	<bodyTypeGlobal>Male</bodyTypeGlobal>
	<skillGains>
      <li>
        <defName>Crafting</defName>
        <amount>2</amount>
      </li>
      <li>
        <defName>Medicine</defName>
        <amount>2</amount>
      </li>
      <li>
        <defName>Plants</defName>
        <amount>2</amount>
      </li>
	</skillGains>
</AlienRace.BackstoryDef>


<AlienRace.BackstoryDef>
	<defName>MarroWorkerPlanter</defName>
	<title>Planter</title>
	<titleShort>Planter</titleShort>
	<baseDescription>This Marro is created for growing crops. He grows the special crops the marro use to reproduce.</baseDescription>
	<slot>Adulthood</slot>
	<spawnCategories>
		<li>MarroWorkerBackstory</li>
		<li>Marro</li>
	</spawnCategories>
	<bodyTypeGlobal>Male</bodyTypeGlobal>
	<skillGains>
      <li>
        <defName>Plants</defName>
        <amount>5</amount>
      </li>
    </skillGains>
	<requiredWorkTags>
      <li>Animals</li>
    </requiredWorkTags>
</AlienRace.BackstoryDef>


<AlienRace.BackstoryDef>
	<defName>MarroWorkerAgriculture</defName>
	<title>Farmer</title>
	<titleShort>Farmer</titleShort>
	<baseDescription>This Marro is created for growing crops and raising animals. He is a good general worker.</baseDescription>
	<slot>Adulthood</slot>
	<spawnCategories>
		<li>MarroWorkerBackstory</li>
		<li>Marro</li>
	</spawnCategories>
	<bodyTypeGlobal>Male</bodyTypeGlobal>
    <skillGains>
      <li>
        <defName>Plants</defName>
        <amount>3</amount>
      </li>
      <li>
        <defName>Animals</defName>
        <amount>3</amount>
      </li>
    </skillGains>
	<requiredWorkTags>
      <li>Animals</li>
	  <li>PlantWork</li>
    </requiredWorkTags>
</AlienRace.BackstoryDef>


<AlienRace.BackstoryDef>
	<defName>MarroWorkerRancher</defName>
	<title>Rancher</title>
	<titleShort>Rancher</titleShort>
	<baseDescription>This Marro is created for raising animals. He can control the engineered creatures the marro use to fight.</baseDescription>
	<slot>Adulthood</slot>
	<spawnCategories>
		<li>MarroWorkerBackstory</li>
		<li>Marro</li>
	</spawnCategories>
	<bodyTypeGlobal>Male</bodyTypeGlobal>
    <skillGains>
      <li>
        <defName>Plants</defName>
        <amount>3</amount>
      </li>
      <li>
        <defName>Animals</defName>
        <amount>3</amount>
      </li>
    </skillGains>
	<requiredWorkTags>
      <li>Animals</li>
	  <li>PlantWork</li>
    </requiredWorkTags>
</AlienRace.BackstoryDef>


<AlienRace.BackstoryDef>
	<defName>MarroWorkerBuilder</defName>
	<title>Builder</title>
	<titleShort>Builder</titleShort>
	<baseDescription>This Marro is created for building. It can use resources very effectivley.</baseDescription>
	<slot>Adulthood</slot>
	<spawnCategories>
		<li>MarroWorkerBackstory</li>
		<li>Marro</li>
	</spawnCategories>
	<bodyTypeGlobal>Male</bodyTypeGlobal>
	<skillGains>
      <li>
        <defName>Construction</defName>
        <amount>6</amount>
      </li>
    </skillGains>
	<requiredWorkTags>
      <li>ManualSkilled</li>
    </requiredWorkTags>
</AlienRace.BackstoryDef>


<AlienRace.BackstoryDef>
	<defName>MarroWorkerMedic</defName>
	<title>Medic</title>
	<titleShort>Medic</titleShort>
	<baseDescription>This Marro is created for healing other Marro.</baseDescription>
	<slot>Adulthood</slot>
	<spawnCategories>
		<li>MarroWorkerBackstory</li>
		<li>Marro</li>
	</spawnCategories>
	<bodyTypeGlobal>Male</bodyTypeGlobal>
	<skillGains>
      <li>
        <defName>Medicine</defName>
        <amount>6</amount>
      </li>
    </skillGains>
</AlienRace.BackstoryDef>


<AlienRace.BackstoryDef>
	<defName>MarroWorkerEngineer</defName>
	<title>Engineer</title>
	<titleShort>Engineer</titleShort>
	<baseDescription>This Marro is created for engineering other Marro. They work in tandem with Hivelords to grow Marro.</baseDescription>
	<slot>Adulthood</slot>
	<spawnCategories>
		<li>MarroWorkerBackstory</li>
		<li>Marro</li>
	</spawnCategories>
	<bodyTypeGlobal>Male</bodyTypeGlobal>
	<skillGains>
      <li>
        <defName>Medicine</defName>
        <amount>6</amount>
      </li>
      <li>
        <defName>Intellectual</defName>
        <amount>3</amount>
      </li>
      <li>
        <defName>Crafting</defName>
        <amount>3</amount>
      </li>
    </skillGains>
</AlienRace.BackstoryDef>


<AlienRace.BackstoryDef>
	<defName>MarroWorkerScholar</defName>
	<title>Scholar</title>
	<titleShort>Scholar</titleShort>
	<baseDescription>This Marro is created for researching. This Marro is extra smart.</baseDescription>
	<slot>Adulthood</slot>
	<spawnCategories>
		<li>MarroWorkerBackstory</li>
		<li>Marro</li>
	</spawnCategories>
	<bodyTypeGlobal>Male</bodyTypeGlobal>
	<skillGains>
      <li>
        <defName>Intellectual</defName>
        <amount>3</amount>
      </li>
    </skillGains>
</AlienRace.BackstoryDef>

<AlienRace.BackstoryDef>
	<defName>MarroWorkerCrafer</defName>
	<title>Engineer</title>
	<titleShort>Engineer</titleShort>
	<baseDescription>This Marro.</baseDescription>
	<slot>Adulthood</slot>
	<spawnCategories>
		<li>MarroWorkerBackstory</li>
		<li>Marro</li>
	</spawnCategories>
	<bodyTypeGlobal>Male</bodyTypeGlobal>
	<skillGains>
      <li>
        <defName>Intellectual</defName>
        <amount>3</amount>
      </li>
      <li>
        <defName>Crafting</defName>
        <amount>6</amount>
      </li>
    </skillGains>
</AlienRace.BackstoryDef>


<AlienRace.BackstoryDef>
	<defName>MarroWorkerMiner</defName>
	<title>Miner</title>
	<titleShort>Miner</titleShort>
	<baseDescription>This Marro is created for mining the hives the marro call home.</baseDescription>
	<slot>Adulthood</slot>
	<spawnCategories>
		<li>MarroWorkerBackstory</li>
		<li>Marro</li>
	</spawnCategories>
	<bodyTypeGlobal>Male</bodyTypeGlobal>
	<skillGains>
      <li>
        <defName>Mining</defName>
        <amount>7</amount>
      </li>
    </skillGains>
</AlienRace.BackstoryDef>


</Defs>