<?xml version="1.0" encoding="utf-8" ?>
<Defs>


<FactionDef Parent="PlayerFactionBase">
		<defName>MarroPlayerTribe</defName>
		<label>Marro Hive</label>
		<description>Your own community.</description>
		<isPlayer>true</isPlayer>
		<basicMemberKind>Marro_Drone</basicMemberKind>
		<pawnsPlural>Marro</pawnsPlural>
		<settlementNameMaker>NamerSettlementOutlander</settlementNameMaker>
		<playerInitialSettlementNameMaker>NamerInitialSettlementColony</playerInitialSettlementNameMaker>
		<factionNameMaker>NamerFactionOutlander</factionNameMaker>
		<techLevel>Industrial</techLevel>
		<colorSpectrum>
			<li>(0, 0.737, 0.847)</li>
		</colorSpectrum>
		<backstoryFilters>
			<li>
				<categories>
					<li>MarroWarriorBackstory</li>
				</categories>
			</li>
			<li>
				<categories>
					<li>MarroWorkerBackstory</li>
				</categories>
			</li>
			<li>
				<categories>
					<li>MarroOverlordBackstory</li>
				</categories>
			</li>
		</backstoryFilters>
    	<settlementTexturePath>Things/WorldIcon/MarroBase</settlementTexturePath>
		<factionIconPath>Things/WorldIcon/MarroBase</factionIconPath>
		<startingResearchTags>
			<li>ClassicStart</li>
		</startingResearchTags>
		<apparelStuffFilter>
			<thingDefs>
				<li>Synthread</li>
			</thingDefs>
		</apparelStuffFilter>
		<hairTags>
			<li>Tribal</li>
		</hairTags>
</FactionDef>


<FactionDef>
	<defName>MarroHostile</defName>
	<label>Marro Hive</label>
	<description>This is a hive of Marro</description>
	<startingGoodwill>
		<min>-60</min>
		<max>-40</max>
	</startingGoodwill>
	<naturalColonyGoodwill>
		<min>-60</min>
		<max>-40</max>
	</naturalColonyGoodwill>
	<goodwillDailyGain>0.20</goodwillDailyGain>
    <goodwillDailyFall>0.40</goodwillDailyFall>
	<pawnSingular>Drone</pawnSingular>
	<pawnsPlural>Drones</pawnsPlural>
	<listOrderPriority>20</listOrderPriority>
	<settlementGenerationWeight>.5</settlementGenerationWeight>
	<requiredCountAtGameStart>1</requiredCountAtGameStart>
	<canMakeRandomly>true</canMakeRandomly>
    <canStageAttacks>true</canStageAttacks>
	<geneticVariance>0.1</geneticVariance>
	<fixedName>Marro Hive</fixedName>
	<settlementNameMaker>NamerSettlementTribal</settlementNameMaker>
	<pawnNameMaker>NamerPersonTribal</pawnNameMaker>
	<techLevel>Neolithic</techLevel>
	<backstoryCategories>
		<li>MarroWarriorBackstory</li>
	</backstoryCategories>
	<leaderTitle>king</leaderTitle>
	<hairTags>
		<li>Tribal</li>
	</hairTags>
    <raidCommonalityFromPointsCurve>
      <points>
        <li>(0, 1)</li> <!--Constant 1 at all points levels-->
      </points>
    </raidCommonalityFromPointsCurve>
    <caravanTraderKinds>
    </caravanTraderKinds>
    <visitorTraderKinds>
    </visitorTraderKinds>
    <baseTraderKinds>
    </baseTraderKinds>
    <allowedArrivalTemperatureRange>
      <min>-40</min>
      <max>45</max>
    </allowedArrivalTemperatureRange>
    <maxPawnCostPerTotalPointsCurve>
      <points>
        <li>(0,35)</li>
        <li>(70, 50)</li>
        <li>(800, 100)</li>
        <li>(1300, 150)</li>
        <li>(100000, 10000)</li>
      </points>
    </maxPawnCostPerTotalPointsCurve>
	<pawnGroupMakers>
		<li>
			<kindDef>Combat</kindDef>
			<commonality>100</commonality>
			<options>
				<Marro_Warrior>20</Marro_Warrior>
				<Marro_Overlord>5</Marro_Overlord>
			</options>
		</li>
		<li>
			<kindDef>Trader</kindDef>
			<traders>
			
			</traders>
			<carriers>
			
			</carriers>
			<guards>
				<Marro_Warrior>10</Marro_Warrior>
			</guards>
		</li>
		<li>
			<kindDef>Settlement</kindDef>
			<options>
				<Marro_Warrior>10</Marro_Warrior>
			</options>
		</li>
	</pawnGroupMakers>
	<settlementTexturePath>Things/WorldIcon/MarroBase</settlementTexturePath>
	<factionIconPath>Things/WorldIcon/MarroBase</factionIconPath>
</FactionDef>
	
	
</Defs>	