<?xml version="1.0" encoding="utf-8" ?>
<Defs>
	
	<ThingDef ParentName="LeatherBase"> <!-- Tau Leather -->
		<defName>Marro_Leather</defName>
		<label>Marro leather</label>
		<description>Tanned, dried, scraped Marro skin. t fascinating. It insulates against heat and is fairly tough.</description>
		<graphicData>
			<color>(253, 249, 170)</color>
		</graphicData>
		<statBases>
			<MarketValue>5.2</MarketValue>
			<StuffPower_Armor_Sharp>0.64</StuffPower_Armor_Sharp>
			<StuffPower_Insulation_Heat>12</StuffPower_Insulation_Heat>
		</statBases>
		<stuffProps>
			<color>(253, 249, 170)</color>
			<commonality>0.0025</commonality>
		</stuffProps>
	</ThingDef>
	
</Defs>