<?xml version="1.0" encoding="utf-8" ?>
<Defs>

	<RulePackDef>
		<defName>MarroNamer</defName>
		<rulePack>
			<rulesStrings>
				<li>name->[Marro1]-[Marro2]-[Marro3]</li>
				<li>name->[Marro1]-[Marro2]</li>
			</rulesStrings>
			<rulesRaw>
				<li Class="Rule_File">
					<keyword>Marro1</keyword>
					<path>Marro_Names/1</path>
				</li>
				<li Class="Rule_File">
					<keyword>Marro2</keyword>
					<path>Marro_Names/2</path>
				</li>
				<li Class="Rule_File">
					<keyword>Marro3</keyword>
					<path>Marro_Names/3</path>
				</li>
			</rulesRaw>
		</rulePack>
	</RulePackDef>
	
</Defs>