<?xml version="1.0" encoding="utf-8" ?>
<Defs>


	
<ThingDef Abstract="True" Name="LarvaeBase" ParentName="ResourceBase">
    <statBases>
      <MaxHitPoints>60</MaxHitPoints>
      <Flammability>1.0</Flammability>
      <DeteriorationRate>1</DeteriorationRate>
	  <Mass>10</Mass>
	  <MarketValue>2000</MarketValue>
      <WorkToMake>12000</WorkToMake>
    </statBases>
	<recipeMaker>
	  <workSpeedStat>GeneralLaborSpeed</workSpeedStat>
	  <workSkill>Crafting</workSkill>
	  <effectWorking>Smith</effectWorking>
	  <soundWorking>Recipe_Smith</soundWorking>
	  <recipeUsers>
		<li>BioFabricator</li>
	  </recipeUsers>
	  <unfinishedThingDef>UnfinishedGun</unfinishedThingDef>
	</recipeMaker>
    <tickerType>Normal</tickerType>
	<tradeability>Sellable</tradeability>
	<stackLimit>1</stackLimit>
	<comps>
			
			<li Class="CompProperties_TemperatureRuinable">
				<minSafeTemperature>25</minSafeTemperature>
				<maxSafeTemperature>50</maxSafeTemperature>
				<progressPerDegreePerTick>0.00003</progressPerDegreePerTick>
			</li>
	</comps>
</ThingDef>
  
  
  
  <ThingDef ParentName="LarvaeBase">
    <defName>MarroLarvaeDrone</defName>
    <label>drone larvae</label>
    <description>This young Marro will lie dormant for a while before growing. It requires a high temperature to mature.</description>
	<graphicData>
	  <texPath>Things/Marro/Marro_Larvae</texPath>
	  <graphicClass>Graphic_Single</graphicClass>
	</graphicData>
    <costList>
      <MarroFlesh>500</MarroFlesh>
    </costList>
    <recipeMaker>
      <researchPrerequisite>Pawns1</researchPrerequisite>
      <skillRequirements>
        <Crafting>5</Crafting>
      </skillRequirements>
    </recipeMaker>
    <comps>
      <li Class="NewHatcher.CompProperties_Incubator">
        <hatcherDaystoHatch>1.5</hatcherDaystoHatch>
        <hatcherPawn>Starting_Marro_Drone</hatcherPawn>
      </li>
    </comps>
</ThingDef>


  <ThingDef ParentName="LarvaeBase">
    <defName>MarroLarvaeWarrior</defName>
    <label>warrior larvae</label>
    <description>This young Marro will lie dormant for a while before growing. It requires a high temperature to mature.</description>
	<graphicData>
	  <texPath>Things/Marro/Marro_Larvae</texPath>
	  <graphicClass>Graphic_Single</graphicClass>
	</graphicData>
    <costList>
      <MarroFlesh>500</MarroFlesh>
    </costList>
    <recipeMaker>
      <researchPrerequisite>Pawns1</researchPrerequisite>
      <skillRequirements>
        <Crafting>5</Crafting>
      </skillRequirements>
    </recipeMaker>
    <comps>
      <li Class="NewHatcher.CompProperties_Incubator">
        <hatcherDaystoHatch>1.5</hatcherDaystoHatch>
        <hatcherPawn>Starting_Marro_Warrior</hatcherPawn>
      </li>
    </comps>
</ThingDef>
  
  
  <ThingDef ParentName="LarvaeBase">
    <defName>MarroLarvaeOverlord</defName>
    <label>overlord larvae</label>
    <description>This young Marro will lie dormant for a while before growing. It requires a high temperature to mature.</description>
	<graphicData>
	  <texPath>Things/Marro/Marro_Larvae</texPath>
	  <graphicClass>Graphic_Single</graphicClass>
	</graphicData>
    <costList>
      <MarroFlesh>600</MarroFlesh>
    </costList>
    <recipeMaker>
      <researchPrerequisite>Pawns2</researchPrerequisite>
      <skillRequirements>
        <Crafting>7</Crafting>
      </skillRequirements>
    </recipeMaker>
    <comps>
      <li Class="NewHatcher.CompProperties_Incubator">
        <hatcherDaystoHatch>1.5</hatcherDaystoHatch>
        <hatcherPawn>Starting_Marro_Overlord</hatcherPawn>
      </li>
    </comps>
</ThingDef>  


  <ThingDef ParentName="LarvaeBase">
    <defName>MarroLarvaeHivelord</defName>
    <label>hivelord larvae</label>
    <description>This young Marro will lie dormant for a while before growing. It requires a high temperature to mature.</description>
	<graphicData>
	  <texPath>Things/Marro/Marro_Larvae</texPath>
	  <graphicClass>Graphic_Single</graphicClass>
	</graphicData>
    <costList>
      <MarroFlesh>700</MarroFlesh>
    </costList>
    <recipeMaker>
      <researchPrerequisite>Pawns3</researchPrerequisite>
      <skillRequirements>
        <Crafting>9</Crafting>
      </skillRequirements>
    </recipeMaker>
    <comps>
      <li Class="NewHatcher.CompProperties_Incubator">
        <hatcherDaystoHatch>1.5</hatcherDaystoHatch>
        <hatcherPawn>Starting_Marro_Hivelord</hatcherPawn>
      </li>
    </comps>
</ThingDef>  
  
  
  
  
</Defs>
  