<?xml version="1.0" encoding="utf-8" ?>
<Defs>
  
  <!--Starting Pawns-->
  	<PawnKindDef>
		<defName>Starting_Marro_Warrior</defName>
		<race>Marro_Warrior</race>
		<combatPower>50</combatPower>
		<label>Warrior</label>
		<backstoryFiltersOverride>
		  <li>
			<categories>
                    <li>MarroWarriorBackstory</li>
			</categories>
		  </li>
		</backstoryFiltersOverride>
		<techHediffsMoney>
			<min>50</min>
			<max>50</max>
		</techHediffsMoney>
		<techHediffsTags>
			<li>Poor</li>
		</techHediffsTags>
		<techHediffsChance>0.00</techHediffsChance>		
	</PawnKindDef>
	
		
	
	<PawnKindDef>
		<defName>Starting_Marro_Drone</defName>
		<race>Marro_Drone</race>
		<combatPower>30</combatPower>
		<label>Drone</label>
		<backstoryFiltersOverride>
		  <li>
			<categories>
                    <li>MarroWorkerBackstory</li>
			</categories>
		  </li>
		</backstoryFiltersOverride>
		<techHediffsMoney>
			<min>50</min>
			<max>50</max>
		</techHediffsMoney>
		<techHediffsTags>
			<li>Poor</li>
		</techHediffsTags>
		<techHediffsChance>0.00</techHediffsChance>		
	</PawnKindDef>		
  
  
  	<PawnKindDef>
		<defName>Starting_Marro_Overlord</defName>
		<race>Marro_Overlord</race>
		<combatPower>55</combatPower>
		<label>Overlord</label>
		<backstoryFiltersOverride>
		  <li>
			<categories>
                    <li>MarroOverlordBackstory</li>
			</categories>
		  </li>
		</backstoryFiltersOverride>
		<techHediffsMoney>
			<min>50</min>
			<max>50</max>
		</techHediffsMoney>
		<techHediffsTags>
			<li>Poor</li>
		</techHediffsTags>
		<techHediffsChance>0.00</techHediffsChance>		
	</PawnKindDef>	
  
  
  	<PawnKindDef>
		<defName>Starting_Marro_Hivelord</defName>
		<race>Marro_Hivelord</race>
		<combatPower>65</combatPower>
		<label>Hivelord</label>
		<backstoryFiltersOverride>
		  <li>
			<categories>
                    <li>MarroHivelordBackstory</li>
			</categories>
		  </li>
		</backstoryFiltersOverride>
		<techHediffsMoney>
			<min>50</min>
			<max>50</max>
		</techHediffsMoney>
		<techHediffsTags>
			<li>Poor</li>
		</techHediffsTags>
		<techHediffsChance>0.00</techHediffsChance>		
	</PawnKindDef>		
  
  
  
  
  
  <!--General Pawns-->
  
	<PawnKindDef>
		<defName>Marro_Warrior</defName>
		<race>Marro_Warrior</race>
		<combatPower>40</combatPower>
		<label>Warrior</label>
		<backstoryFiltersOverride>
		  <li>
			<categories>
                    <li>MarroWarriorBackstory</li>
			</categories>
		  </li>
		</backstoryFiltersOverride>
		<weaponTags>
		  <li>MarroWarriorRanged</li>
		  <li>MarroWarriorMelee</li>
		</weaponTags>
		<techHediffsMoney>
			<min>50</min>
			<max>50</max>
		</techHediffsMoney>
		<weaponMoney>
		  <min>500</min>
		  <max>1200</max>
		</weaponMoney>
		<techHediffsTags>
			<li>Poor</li>
		</techHediffsTags>
		<techHediffsChance>0.00</techHediffsChance>		
	</PawnKindDef>
	
	
	<PawnKindDef>
		<defName>Marro_Overlord</defName>
		<race>Marro_Overlord</race>
		<combatPower>50</combatPower>
		<label>Overlord</label>
		<backstoryFiltersOverride>
		  <li>
			<categories>
                    <li>MarroOverlordBackstory</li>
			</categories>
		  </li>
		</backstoryFiltersOverride>
		<weaponTags>
		  <li>MarroWarriorRanged</li>
		  <li>MarroWarriorMelee</li>
		</weaponTags>
		<techHediffsMoney>
			<min>50</min>
			<max>50</max>
		</techHediffsMoney>
		<weaponMoney>
		  <min>500</min>
		  <max>1200</max>
		</weaponMoney>
		<techHediffsTags>
			<li>Poor</li>
		</techHediffsTags>
		<techHediffsChance>0.00</techHediffsChance>		
	</PawnKindDef>	
	
	
	<PawnKindDef>
		<defName>Marro_Hivelord</defName>
		<race>Marro_Hivelord</race>
		<combatPower>60</combatPower>
		<label>Hivelord</label>
		<backstoryFiltersOverride>
		  <li>
			<categories>
                    <li>MarroHivelordBackstory</li>
			</categories>
		  </li>
		</backstoryFiltersOverride>
		<weaponTags>
		  <li>MarroHivelordRanged</li>
		  <li>MarroHivelordMelee</li>
		</weaponTags>
		<techHediffsMoney>
			<min>50</min>
			<max>50</max>
		</techHediffsMoney>
		<weaponMoney>
		  <min>500</min>
		  <max>1200</max>
		</weaponMoney>
		<techHediffsTags>
			<li>Poor</li>
		</techHediffsTags>
		<techHediffsChance>0.00</techHediffsChance>		
	</PawnKindDef>		
	
	
	<PawnKindDef>
		<defName>Marro_Drone</defName>
		<race>Marro_Drone</race>
		<combatPower>30</combatPower>
		<label>Drone</label>
		<backstoryFiltersOverride>
		  <li>
			<categories>
                    <li>MarroWorkerBackstory</li>
			</categories>
		  </li>
		</backstoryFiltersOverride>
		<techHediffsMoney>
			<min>50</min>
			<max>50</max>
		</techHediffsMoney>
		<techHediffsTags>
			<li>Poor</li>
		</techHediffsTags>
		<techHediffsChance>0.00</techHediffsChance>		
	</PawnKindDef>		
	
	
	
</Defs>