<?xml version="1.0" encoding="utf-8"?>
<Defs>


<AlienRace.ThingDef_AlienRace ParentName="BasePawn">
    <defName>Marro_Warrior</defName>
    <label>Marro</label>
    <description>marro exe</description>
	
	<tools>
		<li>
			<label>left fist</label>
			<capacities>
				<li>Blunt</li>
			</capacities>
			<power>8.2</power>
			<cooldownTime>2</cooldownTime>
			<linkedBodyPartsGroup>LeftHand</linkedBodyPartsGroup>
			<surpriseAttack>
				<extraMeleeDamages>
					<li>
						<def>Stun</def>
						<amount>14</amount>
					</li>
				</extraMeleeDamages>
			</surpriseAttack>
		</li>
		<li>
			<label>right fist</label>
			<capacities>
				<li>Blunt</li>
			</capacities>
			<power>8.2</power>
			<cooldownTime>2</cooldownTime>
			<linkedBodyPartsGroup>RightHand</linkedBodyPartsGroup>
			<surpriseAttack>
				<extraMeleeDamages>
					<li>
						<def>Stun</def>
						<amount>14</amount>
					</li>
				</extraMeleeDamages>
			</surpriseAttack>
		</li>
		<li>
			<label>teeth</label>
			<capacities>
				<li>Bite</li>
			</capacities>
			<power>8.2</power>
			<cooldownTime>2</cooldownTime>
			<linkedBodyPartsGroup>Teeth</linkedBodyPartsGroup>
			<!-- <linkedBodyPartsGroup>SlugRaspingRadula</linkedBodyPartsGroup> -->
			<chanceFactor>0.07</chanceFactor>
		</li>
		<li>
			<label>head</label>
			<capacities>
				<li>Blunt</li>
			</capacities>
			<power>5</power>
			<cooldownTime>2</cooldownTime>
			<linkedBodyPartsGroup>HeadAttackTool</linkedBodyPartsGroup>
			<ensureLinkedBodyPartsGroupAlwaysUsable>true</ensureLinkedBodyPartsGroupAlwaysUsable>
			<chanceFactor>0.2</chanceFactor>
		</li>
    </tools>
	
    <alienRace>
        <generalSettings>
			<maleGenderProbability>1</maleGenderProbability>
			<allowHumanBios>false</allowHumanBios>
			<humanRecipeImport>true</humanRecipeImport>
            <alienPartGenerator>
				<alienbodytypes>
					<li>Male</li>
				</alienbodytypes>
				<useGenderedHeads>true</useGenderedHeads>
				<useGenderedBodies>false</useGenderedBodies>
				<alienskincolorgen Class="ColorGenerator_Options">
					<options>
					<li>
						<weight>1</weight>
						<only>(255,247,214)</only>
					</li>
					</options>
				</alienskincolorgen>
				<bodyAddons>
					<li>
						<path>Things/Warrior/Drudge_Spur</path>
						<bodyPart>Torso</bodyPart>
						<backstoryRequirement>MarroWarriorRanged</backstoryRequirement>
						<useSkinColor>true</useSkinColor>
						<inFrontOfBody>false</inFrontOfBody>
						<drawnInBed>false</drawnInBed>
						<offsets>
						  <south>
								<bodyTypes>
									<Male>(-0.41, .25)</Male>
									<Female>(0, 0)</Female>
									<Thin>(0, 0)</Thin>
									<Hulk>(0, 0)</Hulk>
								</bodyTypes>
						  </south>
						  <north>
								<bodyTypes>
									<Male>(0.0, 0.56)</Male>
									<Female>(0.0, 0.0)</Female>
									<Thin>(0.0, 0.0)</Thin>
									<Hulk>(0.006, -0.25)</Hulk>
								</bodyTypes>
						  </north>
						  <east>
								<bodyTypes>
									<Male>(-0.4, 0.2)</Male>
									<Female>(0.07, 0)</Female>
									<Thin>(0, 0)</Thin>
									<Hulk>(0.19, -0.07)</Hulk>
								</bodyTypes>
						  </east>
						</offsets>
					</li>
				</bodyAddons>
				<aliencrowntypes>
					<li>Average_Normal</li>
				</aliencrowntypes>

            </alienPartGenerator>
        </generalSettings>
        <graphicPaths>
			<li>
				<head>Things/Marro/</head>
				<body>Things/Marro/</body>
			</li>
        </graphicPaths>
        <hairSettings>
			<hasHair>false</hasHair>
        </hairSettings>
		<thoughtSettings>
			<cannotReceiveThoughts>
				<li>ObservedLayingCorpse</li>
				<li>EnvironmentDark</li>
				<li>NeedOutdoors</li>
				<li>DeadMansApparel</li>
				<li>KnowGuestExecuted</li>
				<li>KnowPrisonerDiedInnocent</li>
				<li>AteRawFood</li>
				<li>AteKibble</li>
				<li>AteCorpse</li>
				<li>AteHumanlikeMeatDirect</li>
				<li>AteHumanlikeMeatAsIngredient</li>
				<li>AteHumanlikeMeatAsIngredientCannibal</li>
				<li>AteInsectMeatDirect</li>
				<li>AteInsectMeatAsIngredient</li>
				<li>AteWithoutTable</li>
				<li>SleptOnGround</li>
				<li>KnowPrisonerSold</li>
				<li>KnowGuestOrganHarvested</li>
				<li>KnowColonistOrganHarvested</li>
				<li>SoakingWet</li>
				<li>KnowButcheredHumanlikeCorpse</li>
				<li>ButcheredHumanlikeCorpse</li>
				<li>WitnessedDeathNonAlly</li>
				<li>ColonistBanished</li>
				<li>ColonistBanishedToDie</li>
				<li>PrisonerBanishedToDie</li>
				<li>SharedBed</li>
				<li>Naked</li>
				<li>ButcheredHumanlikeCorpseOpinion</li>
			</cannotReceiveThoughts>
		</thoughtSettings>
        <relationSettings>

        </relationSettings>
        <raceRestriction>
            <onlyUseRaceRestrictedApparel>false</onlyUseRaceRestrictedApparel>
        </raceRestriction>
    </alienRace>
	
	<race>
		<thinkTreeMain>Humanlike</thinkTreeMain>
		<thinkTreeConstant>HumanlikeConstant</thinkTreeConstant>
		<intelligence>Humanlike</intelligence>
		<nameGenerator>MarroNamer</nameGenerator>
		<makesFootprints>true</makesFootprints>
		<lifeExpectancy>80</lifeExpectancy>
		<leatherDef>Marro_Leather</leatherDef>
		<body>Human</body>
		<useMeatFrom>Human</useMeatFrom>
		<baseBodySize>1</baseBodySize>
		<baseHealthScale>1.25</baseHealthScale>
		<foodType>OmnivoreHuman</foodType>
		<hediffGiverSets>
			<li>OrganicStandard</li>
		</hediffGiverSets>
		<lifeStageAges>
			<li>
				<def>HumanlikeBaby</def>
				<minAge>0</minAge>
			</li>
			<li>
				<def>HumanlikeAdult</def>
				<minAge>.25</minAge>

				<soundWounded>Pawn_Bear_Injured</soundWounded>
				<soundDeath>Pawn_Bear_Death</soundDeath>
				<soundCall>Pawn_Bear_Call</soundCall>
				<soundAngry>Pawn_Bear_Angry</soundAngry>
			</li>
		</lifeStageAges>
		
		
		<soundMeleeHitPawn>Pawn_Melee_BigBash_HitPawn</soundMeleeHitPawn>
		<soundMeleeHitBuilding>Pawn_Melee_BigBash_HitBuilding</soundMeleeHitBuilding>
		<soundMeleeMiss>Pawn_Melee_BigBash_Miss</soundMeleeMiss>
		
		<ageGenerationCurve>
			<points>
				<li>(20,0)</li>
				<li>(22,100)</li>
				<li>(25,100)</li>
				<li>(30,30)</li>
				<li>(35,18)</li>
				<li>(40,10)</li>
				<li>(45,3)</li>
				<li>(50,0)</li>
			</points>
		</ageGenerationCurve>

	</race>	
	<statBases>
			<MeatAmount>0</MeatAmount>
			<LeatherAmount>25</LeatherAmount>
			<MarketValue>1800</MarketValue>
			<MoveSpeed>4.8</MoveSpeed>
			<Mass>80</Mass>
			<Flammability>0.75</Flammability>
			<ComfyTemperatureMin>16</ComfyTemperatureMin>
			<ComfyTemperatureMax>45</ComfyTemperatureMax>
			<CarryingCapacity>125</CarryingCapacity>
			<MeleeHitChance>5</MeleeHitChance>
			<IncomingDamageFactor>0.8</IncomingDamageFactor>
			<PainShockThreshold>0.8</PainShockThreshold>
			<ForagedNutritionPerDay>2</ForagedNutritionPerDay>
			<TradePriceImprovement>0.5</TradePriceImprovement>
			<NegotiationAbility>0.5</NegotiationAbility>
			<PawnBeauty>0.5</PawnBeauty>
			<ResearchSpeed>0.8</ResearchSpeed>
		</statBases>
		<butcherProducts>
		  <MarroFlesh>40</MarroFlesh>
		</butcherProducts>
</AlienRace.ThingDef_AlienRace>


<AlienRace.ThingDef_AlienRace ParentName="BasePawn">
    <defName>Marro_Overlord</defName>
    <label>Marro Overlord</label>
    <description>marro exe</description>
	<tools>
		<li>
			<label>left fist</label>
			<capacities>
				<li>Blunt</li>
			</capacities>
			<power>8.2</power>
			<cooldownTime>2</cooldownTime>
			<linkedBodyPartsGroup>LeftHand</linkedBodyPartsGroup>
			<surpriseAttack>
				<extraMeleeDamages>
					<li>
						<def>Stun</def>
						<amount>14</amount>
					</li>
				</extraMeleeDamages>
			</surpriseAttack>
		</li>
		<li>
			<label>right fist</label>
			<capacities>
				<li>Blunt</li>
			</capacities>
			<power>8.2</power>
			<cooldownTime>2</cooldownTime>
			<linkedBodyPartsGroup>RightHand</linkedBodyPartsGroup>
			<surpriseAttack>
				<extraMeleeDamages>
					<li>
						<def>Stun</def>
						<amount>14</amount>
					</li>
				</extraMeleeDamages>
			</surpriseAttack>
		</li>
		<li>
			<label>teeth</label>
			<capacities>
				<li>Bite</li>
			</capacities>
			<power>8.2</power>
			<cooldownTime>2</cooldownTime>
			<linkedBodyPartsGroup>Teeth</linkedBodyPartsGroup>
			<!-- <linkedBodyPartsGroup>SlugRaspingRadula</linkedBodyPartsGroup> -->
			<chanceFactor>0.07</chanceFactor>
		</li>
		<li>
			<label>head</label>
			<capacities>
				<li>Blunt</li>
			</capacities>
			<power>5</power>
			<cooldownTime>2</cooldownTime>
			<linkedBodyPartsGroup>HeadAttackTool</linkedBodyPartsGroup>
			<ensureLinkedBodyPartsGroupAlwaysUsable>true</ensureLinkedBodyPartsGroupAlwaysUsable>
			<chanceFactor>0.2</chanceFactor>
		</li>
    </tools>
    <alienRace>
        <generalSettings>
			<maleGenderProbability>1</maleGenderProbability>
			<allowHumanBios>false</allowHumanBios>
			<humanRecipeImport>true</humanRecipeImport>
            <alienPartGenerator>
				<alienbodytypes>
					<li>Male</li>
				</alienbodytypes>
				<customDrawSize>(1.1,1.1)</customDrawSize>
				<useGenderedHeads>true</useGenderedHeads>
				<useGenderedBodies>false</useGenderedBodies>
				<alienskincolorgen Class="ColorGenerator_Options">
					<options>
					<li>
						<weight>1</weight>
						<only>(255,247,214)</only>
					</li>
					</options>
				</alienskincolorgen>
				<bodyAddons>
					<li>
						<path>Things/Overlord/Overlord_Spur</path>
						<bodyPart>Torso</bodyPart>
						<useSkinColor>true</useSkinColor>
						<inFrontOfBody>false</inFrontOfBody>
						<drawnInBed>false</drawnInBed>
						<offsets>
						  <south>
								<bodyTypes>
									<Male>(-0.41, .25)</Male>
									<Female>(0, 0)</Female>
									<Thin>(0, 0)</Thin>
									<Hulk>(0, 0)</Hulk>
								</bodyTypes>
						  </south>
						  <north>
								<bodyTypes>
									<Male>(0.0, 0.56)</Male>
									<Female>(0.0, 0.0)</Female>
									<Thin>(0.0, 0.0)</Thin>
									<Hulk>(0.006, -0.25)</Hulk>
								</bodyTypes>
						  </north>
						  <east>
								<bodyTypes>
									<Male>(-0.4, 0.2)</Male>
									<Female>(0.07, 0)</Female>
									<Thin>(0, 0)</Thin>
									<Hulk>(0.19, -0.07)</Hulk>
								</bodyTypes>
						  </east>
						</offsets>
					</li>
				</bodyAddons>
				<aliencrowntypes>
					<li>Average_Normal</li>
				</aliencrowntypes>
            </alienPartGenerator>
        </generalSettings>
        <graphicPaths>
			<li>
				<head>Things/Marro/</head>
				<body>Things/Overlord/</body>
			</li>
        </graphicPaths>
        <hairSettings>
			<hasHair>false</hasHair>
        </hairSettings>
		<thoughtSettings>
			<cannotReceiveThoughts>
				<li>ObservedLayingCorpse</li>
				<li>EnvironmentDark</li>
				<li>NeedOutdoors</li>
				<li>DeadMansApparel</li>
				<li>KnowGuestExecuted</li>
				<li>KnowPrisonerDiedInnocent</li>
				<li>AteRawFood</li>
				<li>AteKibble</li>
				<li>AteCorpse</li>
				<li>AteHumanlikeMeatDirect</li>
				<li>AteHumanlikeMeatAsIngredient</li>
				<li>AteHumanlikeMeatAsIngredientCannibal</li>
				<li>AteInsectMeatDirect</li>
				<li>AteInsectMeatAsIngredient</li>
				<li>AteWithoutTable</li>
				<li>SleptOnGround</li>
				<li>KnowPrisonerSold</li>
				<li>KnowGuestOrganHarvested</li>
				<li>KnowColonistOrganHarvested</li>
				<li>SoakingWet</li>
				<li>KnowButcheredHumanlikeCorpse</li>
				<li>ButcheredHumanlikeCorpse</li>
				<li>WitnessedDeathNonAlly</li>
				<li>ColonistBanished</li>
				<li>ColonistBanishedToDie</li>
				<li>PrisonerBanishedToDie</li>
				<li>SharedBed</li>
				<li>Naked</li>
				<li>ButcheredHumanlikeCorpseOpinion</li>
			</cannotReceiveThoughts>
		</thoughtSettings>
        <relationSettings>

        </relationSettings>
        <raceRestriction>
            <onlyUseRaceRestrictedApparel>false</onlyUseRaceRestrictedApparel>
        </raceRestriction>
    </alienRace>
	<statBases>
		<MeatAmount>0</MeatAmount>
		<LeatherAmount>25</LeatherAmount>
		<MarketValue>1800</MarketValue>
		<MoveSpeed>4.8</MoveSpeed>
	  	<Mass>80</Mass>
		<Flammability>0.75</Flammability>
		<ComfyTemperatureMin>16</ComfyTemperatureMin>
		<ComfyTemperatureMax>45</ComfyTemperatureMax>
		<CarryingCapacity>125</CarryingCapacity>
		<MeleeHitChance>5</MeleeHitChance>
		<IncomingDamageFactor>0.8</IncomingDamageFactor>
		<PainShockThreshold>0.8</PainShockThreshold>
		<ForagedNutritionPerDay>2</ForagedNutritionPerDay>
		<TradePriceImprovement>0.5</TradePriceImprovement>
		<NegotiationAbility>0.5</NegotiationAbility>
		<PawnBeauty>0.5</PawnBeauty>
		<ResearchSpeed>0.8</ResearchSpeed>
	</statBases>
	<race>
		<thinkTreeMain>Humanlike</thinkTreeMain>
		<thinkTreeConstant>HumanlikeConstant</thinkTreeConstant>
		<intelligence>Humanlike</intelligence>
		<nameGenerator>MarroNamer</nameGenerator>
		<makesFootprints>true</makesFootprints>
		<lifeExpectancy>80</lifeExpectancy>
		<leatherDef>Marro_Leather</leatherDef>
		<body>Human</body>
		<useMeatFrom>Human</useMeatFrom>
		<baseBodySize>1</baseBodySize>
		<baseHealthScale>1.25</baseHealthScale>
		<foodType>OmnivoreHuman</foodType>
		<hediffGiverSets>
			<li>OrganicStandard</li>
		</hediffGiverSets>
		<lifeStageAges>
			<li>
				<def>HumanlikeBaby</def>
				<minAge>0</minAge>
			</li>
			<li>
				<def>HumanlikeAdult</def>
				<minAge>.25</minAge>

				<soundWounded>Pawn_Bear_Injured</soundWounded>
				<soundDeath>Pawn_Bear_Death</soundDeath>
				<soundCall>Pawn_Bear_Call</soundCall>
				<soundAngry>Pawn_Bear_Angry</soundAngry>
			</li>
		</lifeStageAges>
		
		
		<soundMeleeHitPawn>Pawn_Melee_BigBash_HitPawn</soundMeleeHitPawn>
		<soundMeleeHitBuilding>Pawn_Melee_BigBash_HitBuilding</soundMeleeHitBuilding>
		<soundMeleeMiss>Pawn_Melee_BigBash_Miss</soundMeleeMiss>
		
		<ageGenerationCurve>
			<points>
				<li>(20,0)</li>
				<li>(22,100)</li>
				<li>(25,100)</li>
				<li>(30,30)</li>
				<li>(35,18)</li>
				<li>(40,10)</li>
				<li>(45,3)</li>
				<li>(50,0)</li>
			</points>
		</ageGenerationCurve>
		

	</race>	
	<butcherProducts>
      <MarroFlesh>40</MarroFlesh>
    </butcherProducts>	
</AlienRace.ThingDef_AlienRace>


<AlienRace.ThingDef_AlienRace ParentName="BasePawn">
    <defName>Marro_Drone</defName>
    <label>Marro Drone</label>
    <description>marro exe</description>
	<tools>
		<li>
			<label>left fist</label>
			<capacities>
				<li>Blunt</li>
			</capacities>
			<power>8.2</power>
			<cooldownTime>2</cooldownTime>
			<linkedBodyPartsGroup>LeftHand</linkedBodyPartsGroup>
			<surpriseAttack>
				<extraMeleeDamages>
					<li>
						<def>Stun</def>
						<amount>14</amount>
					</li>
				</extraMeleeDamages>
			</surpriseAttack>
		</li>
		<li>
			<label>right fist</label>
			<capacities>
				<li>Blunt</li>
			</capacities>
			<power>8.2</power>
			<cooldownTime>2</cooldownTime>
			<linkedBodyPartsGroup>RightHand</linkedBodyPartsGroup>
			<surpriseAttack>
				<extraMeleeDamages>
					<li>
						<def>Stun</def>
						<amount>14</amount>
					</li>
				</extraMeleeDamages>
			</surpriseAttack>
		</li>
		<li>
			<label>teeth</label>
			<capacities>
				<li>Bite</li>
			</capacities>
			<power>8.2</power>
			<cooldownTime>2</cooldownTime>
			<linkedBodyPartsGroup>Teeth</linkedBodyPartsGroup>
			<chanceFactor>0.07</chanceFactor>
		</li>
		<li>
			<label>head</label>
			<capacities>
				<li>Blunt</li>
			</capacities>
			<power>5</power>
			<cooldownTime>2</cooldownTime>
			<linkedBodyPartsGroup>HeadAttackTool</linkedBodyPartsGroup>
			<ensureLinkedBodyPartsGroupAlwaysUsable>true</ensureLinkedBodyPartsGroupAlwaysUsable>
			<chanceFactor>0.2</chanceFactor>
		</li>
    </tools>
    <alienRace>
        <generalSettings>
			<maleGenderProbability>1</maleGenderProbability>
			<allowHumanBios>false</allowHumanBios>
			<humanRecipeImport>true</humanRecipeImport>
            <alienPartGenerator>
				<alienbodytypes>
					<li>Male</li>
				</alienbodytypes>
				<customDrawSize>(1.1,1.1)</customDrawSize>
				<useGenderedHeads>true</useGenderedHeads>
				<useGenderedBodies>false</useGenderedBodies>
				<alienskincolorgen Class="ColorGenerator_Options">
					<options>
					<li>
						<weight>1</weight>
						<only>(255,247,214)</only>
					</li>
					</options>
				</alienskincolorgen>
				<bodyAddons>
				</bodyAddons>
				<aliencrowntypes>
					<li>Average_Normal</li>
					<li>Narrow_Normal</li>
				</aliencrowntypes>
            </alienPartGenerator>
        </generalSettings>
        <graphicPaths>
			<li>
				<head>Things/Drone/</head>
				<body>Things/Drone/</body>
			</li>
        </graphicPaths>
        <hairSettings>
			<hasHair>false</hasHair>
        </hairSettings>
		<thoughtSettings>
			<cannotReceiveThoughts>
				<li>ObservedLayingCorpse</li>
				<li>EnvironmentDark</li>
				<li>NeedOutdoors</li>
				<li>DeadMansApparel</li>
				<li>KnowGuestExecuted</li>
				<li>KnowPrisonerDiedInnocent</li>
				<li>AteRawFood</li>
				<li>AteKibble</li>
				<li>AteCorpse</li>
				<li>AteHumanlikeMeatDirect</li>
				<li>AteHumanlikeMeatAsIngredient</li>
				<li>AteHumanlikeMeatAsIngredientCannibal</li>
				<li>AteInsectMeatDirect</li>
				<li>AteInsectMeatAsIngredient</li>
				<li>AteWithoutTable</li>
				<li>SleptOnGround</li>
				<li>KnowPrisonerSold</li>
				<li>KnowGuestOrganHarvested</li>
				<li>KnowColonistOrganHarvested</li>
				<li>SoakingWet</li>
				<li>KnowButcheredHumanlikeCorpse</li>
				<li>ButcheredHumanlikeCorpse</li>
				<li>WitnessedDeathNonAlly</li>
				<li>ColonistBanished</li>
				<li>ColonistBanishedToDie</li>
				<li>PrisonerBanishedToDie</li>
				<li>SharedBed</li>
				<li>Naked</li>
				<li>ButcheredHumanlikeCorpseOpinion</li>
			</cannotReceiveThoughts>
		</thoughtSettings>
        <relationSettings>

        </relationSettings>
        <raceRestriction>
            <onlyUseRaceRestrictedApparel>false</onlyUseRaceRestrictedApparel>
        </raceRestriction>
    </alienRace>
	<statBases>
		<LeatherAmount>25</LeatherAmount>
		<MarketValue>1500</MarketValue>
		<MoveSpeed>4.6</MoveSpeed>
	  	<Mass>80</Mass>
		<Flammability>0.75</Flammability>
		<ComfyTemperatureMin>16</ComfyTemperatureMin>
		<ComfyTemperatureMax>45</ComfyTemperatureMax>
		<CarryingCapacity>125</CarryingCapacity>
		<MeleeHitChance>5</MeleeHitChance>
		<IncomingDamageFactor>1</IncomingDamageFactor>
		<PainShockThreshold>1</PainShockThreshold>
		<ForagedNutritionPerDay>3</ForagedNutritionPerDay>
		<TradePriceImprovement>0.8</TradePriceImprovement>
		<NegotiationAbility>0.75</NegotiationAbility>
		<PawnBeauty>0.5</PawnBeauty>
		<ResearchSpeed>0.8</ResearchSpeed>
		<MeatAmount>0</MeatAmount>
	</statBases>
	<race>
		<thinkTreeMain>Humanlike</thinkTreeMain>
		<thinkTreeConstant>HumanlikeConstant</thinkTreeConstant>
		<intelligence>Humanlike</intelligence>
		<nameGenerator>MarroNamer</nameGenerator>
		<makesFootprints>true</makesFootprints>
		<lifeExpectancy>80</lifeExpectancy>
		<leatherDef>Marro_Leather</leatherDef>
		<body>Human</body>
		<useMeatFrom>Human</useMeatFrom>
		<baseBodySize>1</baseBodySize>
		<baseHealthScale>1.25</baseHealthScale>
		<foodType>OmnivoreHuman</foodType>
		<hediffGiverSets>
			<li>OrganicStandard</li>
		</hediffGiverSets>
		<lifeStageAges>
			<li>
				<def>HumanlikeBaby</def>
				<minAge>0</minAge>
			</li>
			<li>
				<def>HumanlikeAdult</def>
				<minAge>.25</minAge>

				<soundWounded>Pawn_Bear_Injured</soundWounded>
				<soundDeath>Pawn_Bear_Death</soundDeath>
				<soundCall>Pawn_Bear_Call</soundCall>
				<soundAngry>Pawn_Bear_Angry</soundAngry>
			</li>
		</lifeStageAges>
		
		
		<soundMeleeHitPawn>Pawn_Melee_BigBash_HitPawn</soundMeleeHitPawn>
		<soundMeleeHitBuilding>Pawn_Melee_BigBash_HitBuilding</soundMeleeHitBuilding>
		<soundMeleeMiss>Pawn_Melee_BigBash_Miss</soundMeleeMiss>
		
		<ageGenerationCurve>
			<points>
				<li>(20,0)</li>
				<li>(22,100)</li>
				<li>(25,100)</li>
				<li>(30,30)</li>
				<li>(35,18)</li>
				<li>(40,10)</li>
				<li>(45,3)</li>
				<li>(50,0)</li>
			</points>
		</ageGenerationCurve>
		


	</race>	
	<butcherProducts>
      <MarroFlesh>40</MarroFlesh>
    </butcherProducts>
</AlienRace.ThingDef_AlienRace>


<AlienRace.ThingDef_AlienRace ParentName="BasePawn">
    <defName>Marro_Hivelord</defName>
    <label>Marro Hivelord</label>
    <description>This Marro is the peak of evolution. It is extremly powerful.</description>
	<tools>
		<li>
			<label>left fist</label>
			<capacities>
				<li>Blunt</li>
			</capacities>
			<power>15</power>
			<cooldownTime>2</cooldownTime>
			<linkedBodyPartsGroup>LeftHand</linkedBodyPartsGroup>
			<surpriseAttack>
				<extraMeleeDamages>
					<li>
						<def>Stun</def>
						<amount>14</amount>
					</li>
				</extraMeleeDamages>
			</surpriseAttack>
		</li>
		<li>
			<label>right fist</label>
			<capacities>
				<li>Blunt</li>
			</capacities>
			<power>15</power>
			<cooldownTime>2</cooldownTime>
			<linkedBodyPartsGroup>RightHand</linkedBodyPartsGroup>
			<surpriseAttack>
				<extraMeleeDamages>
					<li>
						<def>Stun</def>
						<amount>14</amount>
					</li>
				</extraMeleeDamages>
			</surpriseAttack>
		</li>
		<li>
			<label>teeth</label>
			<capacities>
				<li>Bite</li>
			</capacities>
			<power>12</power>
			<cooldownTime>2</cooldownTime>
			<linkedBodyPartsGroup>Teeth</linkedBodyPartsGroup>
			<!-- <linkedBodyPartsGroup>SlugRaspingRadula</linkedBodyPartsGroup> -->
			<chanceFactor>0.07</chanceFactor>
		</li>
		<li>
			<label>head</label>
			<capacities>
				<li>Blunt</li>
			</capacities>
			<power>25</power>
			<cooldownTime>2</cooldownTime>
			<linkedBodyPartsGroup>HeadAttackTool</linkedBodyPartsGroup>
			<ensureLinkedBodyPartsGroupAlwaysUsable>true</ensureLinkedBodyPartsGroupAlwaysUsable>
			<chanceFactor>0.2</chanceFactor>
		</li>
    </tools>
    <alienRace>
        <generalSettings>
			<maleGenderProbability>1</maleGenderProbability>
			<allowHumanBios>false</allowHumanBios>
			<humanRecipeImport>true</humanRecipeImport>
            <alienPartGenerator>
				<alienbodytypes>
					<li>Hulk</li>
				</alienbodytypes>
				<customDrawSize>(1.1,1.1)</customDrawSize>
				<useGenderedHeads>true</useGenderedHeads>
				<useGenderedBodies>false</useGenderedBodies>
				<alienskincolorgen Class="ColorGenerator_Options">
					<options>
					<li>
						<weight>1</weight>
						<only>(255,247,214)</only>
					</li>
					</options>
				</alienskincolorgen>
				<bodyAddons>
				</bodyAddons>
				<aliencrowntypes>
					<li>Average_Normal</li>
					<li>Average_Pointy</li>
				</aliencrowntypes>
            </alienPartGenerator>
        </generalSettings>
        <graphicPaths>
			<li>
				<head>Things/Hivelord/</head>
				<body>Things/Hivelord/</body>
			</li>
        </graphicPaths>
        <hairSettings>
			<hasHair>false</hasHair>
        </hairSettings>
		<thoughtSettings>
			<cannotReceiveThoughts>
				<li>ObservedLayingCorpse</li>
				<li>EnvironmentDark</li>
				<li>NeedOutdoors</li>
				<li>DeadMansApparel</li>
				<li>KnowGuestExecuted</li>
				<li>KnowPrisonerDiedInnocent</li>
				<li>AteRawFood</li>
				<li>AteKibble</li>
				<li>AteCorpse</li>
				<li>AteHumanlikeMeatDirect</li>
				<li>AteHumanlikeMeatAsIngredient</li>
				<li>AteHumanlikeMeatAsIngredientCannibal</li>
				<li>AteInsectMeatDirect</li>
				<li>AteInsectMeatAsIngredient</li>
				<li>AteWithoutTable</li>
				<li>SleptOnGround</li>
				<li>KnowPrisonerSold</li>
				<li>KnowGuestOrganHarvested</li>
				<li>KnowColonistOrganHarvested</li>
				<li>SoakingWet</li>
				<li>KnowButcheredHumanlikeCorpse</li>
				<li>ButcheredHumanlikeCorpse</li>
				<li>WitnessedDeathNonAlly</li>
				<li>ColonistBanished</li>
				<li>ColonistBanishedToDie</li>
				<li>PrisonerBanishedToDie</li>
				<li>SharedBed</li>
				<li>Naked</li>
				<li>ButcheredHumanlikeCorpseOpinion</li>
			</cannotReceiveThoughts>
		</thoughtSettings>
        <relationSettings>

        </relationSettings>
        <raceRestriction>
            <onlyUseRaceRestrictedApparel>false</onlyUseRaceRestrictedApparel>
        </raceRestriction>
    </alienRace>
	<butcherProducts>
      <MarroFlesh>80</MarroFlesh>
    </butcherProducts>
	<race>
		<thinkTreeMain>Humanlike</thinkTreeMain>
		<thinkTreeConstant>HumanlikeConstant</thinkTreeConstant>
		<intelligence>Humanlike</intelligence>
		<nameGenerator>MarroNamer</nameGenerator>
		<makesFootprints>true</makesFootprints>
		<lifeExpectancy>80</lifeExpectancy>
		<leatherDef>Marro_Leather</leatherDef>
		<body>Human</body>
		<useMeatFrom>Human</useMeatFrom>
		<baseBodySize>1</baseBodySize>
		<baseHealthScale>1.25</baseHealthScale>
		<foodType>OmnivoreHuman</foodType>
		<hediffGiverSets>
			<li>OrganicStandard</li>
		</hediffGiverSets>
		<lifeStageAges>
			<li>
				<def>HumanlikeBaby</def>
				<minAge>0</minAge>
			</li>
			<li>
				<def>HumanlikeAdult</def>
				<minAge>.25</minAge>

				<soundWounded>Pawn_Bear_Injured</soundWounded>
				<soundDeath>Pawn_Bear_Death</soundDeath>
				<soundCall>Pawn_Bear_Call</soundCall>
				<soundAngry>Pawn_Bear_Angry</soundAngry>
			</li>
		</lifeStageAges>
		
		
		<soundMeleeHitPawn>Pawn_Melee_BigBash_HitPawn</soundMeleeHitPawn>
		<soundMeleeHitBuilding>Pawn_Melee_BigBash_HitBuilding</soundMeleeHitBuilding>
		<soundMeleeMiss>Pawn_Melee_BigBash_Miss</soundMeleeMiss>
		
		<ageGenerationCurve>
			<points>
				<li>(20,0)</li>
				<li>(22,100)</li>
				<li>(25,100)</li>
				<li>(30,30)</li>
				<li>(35,18)</li>
				<li>(40,10)</li>
				<li>(45,3)</li>
				<li>(50,0)</li>
			</points>
		</ageGenerationCurve>
		

	</race>	
	<statBases>
		<MeatAmount>0</MeatAmount>
		<LeatherAmount>25</LeatherAmount>
		<MarketValue>1800</MarketValue>
		<MoveSpeed>4.8</MoveSpeed>
	  	<Mass>80</Mass>
		<Flammability>0.75</Flammability>
		<ComfyTemperatureMin>16</ComfyTemperatureMin>
		<ComfyTemperatureMax>45</ComfyTemperatureMax>
		<CarryingCapacity>125</CarryingCapacity>
		<MeleeHitChance>5</MeleeHitChance>
		<IncomingDamageFactor>0.8</IncomingDamageFactor>
		<PainShockThreshold>0.8</PainShockThreshold>
		<ForagedNutritionPerDay>2</ForagedNutritionPerDay>
		<TradePriceImprovement>0.5</TradePriceImprovement>
		<NegotiationAbility>0.5</NegotiationAbility>
		<PawnBeauty>0.5</PawnBeauty>
		<ResearchSpeed>0.8</ResearchSpeed>
	</statBases>
</AlienRace.ThingDef_AlienRace>


  <AlienRace.RaceSettings>
    <defName>Marro_Settings</defName>
	<pawnKindSettings>
		<startingColonists>
			<li>
				<pawnKindEntries>
					<li>
						<kindDefs>
							<li>Starting_Marro_Warrior</li>
						</kindDefs>
						<chance>25.0</chance>
					</li>
					<li>
						<kindDefs>
							<li>Starting_Marro_Drone</li>
						</kindDefs>
						<chance>75.0</chance>
					</li>
				</pawnKindEntries>
				<factionDefs>
					<li>MarroPlayerTribe</li>
					<li>PlayerTribe</li>
					<li>PlayerColony</li>
				</factionDefs>
			</li>
		</startingColonists>
		<alienrefugeekinds>
			<li>
				<kindDefs>
					<li>Marro_Warrior</li>
				</kindDefs>
				<chance>15.0</chance>
			</li>
		</alienrefugeekinds>
		<alienslavekinds>
			<li>
				<kindDefs>
					<li>Marro_Warrior</li>
				</kindDefs>
				<chance>10.0</chance>
			</li>
		</alienslavekinds>
		<alienwandererkinds>
			<li>
				<pawnKindEntries>
					<li>
						<kindDefs>
							<li>Marro_Warrior</li>
						</kindDefs>
						<chance>15.0</chance>
					</li>
				</pawnKindEntries>
				<factionDefs>
					<li>TribeCivil</li> 
				</factionDefs>
			</li>
		</alienwandererkinds>
    </pawnKindSettings>
  </AlienRace.RaceSettings>
  
</Defs>