<?xml version="1.0" encoding="utf-8" ?>
<Defs>


  <ThingDef Abstract="True" Name="AnimalLarvaeBase" ParentName="ResourceBase">
    <statBases>
      <MaxHitPoints>60</MaxHitPoints>
      <Flammability>1.0</Flammability>
      <DeteriorationRate>1</DeteriorationRate>
	  <Mass>10</Mass>
	  <MarketValue>2000</MarketValue>
      <WorkToMake>12000</WorkToMake>
    </statBases>
	<recipeMaker>
	  <workSpeedStat>GeneralLaborSpeed</workSpeedStat>
	  <workSkill>Crafting</workSkill>
	  <effectWorking>Smith</effectWorking>
	  <soundWorking>Recipe_Smith</soundWorking>
	  <recipeUsers>
		<li>BioFabricator</li>
	  </recipeUsers>
	  <unfinishedThingDef>UnfinishedGun</unfinishedThingDef>
	</recipeMaker>
    <tickerType>Normal</tickerType>
	<tradeability>Sellable</tradeability>
	<stackLimit>1</stackLimit>
	<comps>
			
			<li Class="CompProperties_TemperatureRuinable">
				<minSafeTemperature>20</minSafeTemperature>
				<maxSafeTemperature>50</maxSafeTemperature>
				<progressPerDegreePerTick>0.00003</progressPerDegreePerTick>
			</li>
	</comps>
</ThingDef>

  <ThingDef ParentName="AnimalLarvaeBase">
    <defName>NaaGrubLarvae</defName>
    <label>NaagrubLarvae</label>
    <description>This young Naagrub will lie dormant for a while before growing. It requires high temperatures to mature. It can be used as a powerful war animal.</description>
    <statBases>
      <MarketValue>7.0</MarketValue>
    </statBases>
	<graphicData>
	  <texPath>Things/Naagrub/Naagrub_Larva</texPath>
	  <graphicClass>Graphic_Single</graphicClass>
	</graphicData>
    <costList>
      <MarroFlesh>300</MarroFlesh>
    </costList>
    <recipeMaker>
      <researchPrerequisite>MarroHive</researchPrerequisite>
      <skillRequirements>
        <Crafting>5</Crafting>
      </skillRequirements>
    </recipeMaker>
    <comps>
      <li Class="NewHatcher.CompProperties_Incubator">
        <hatcherDaystoHatch>1.5</hatcherDaystoHatch>
        <hatcherPawn>Naagrub</hatcherPawn>
      </li>
    </comps>
  </ThingDef>
  
  
    <ThingDef ParentName="AnimalLarvaeBase">
    <defName>DoomViperLarvae</defName>
    <label>DoomViper Larvae</label>
    <description>This young DoomViper will lie dormant for a while before growing. It requires high temperatures to mature. It can be used as a powerful war animal.</description>
    <statBases>
      <MarketValue>1800</MarketValue>
    </statBases>
	<graphicData>
	  <texPath>Things/Naagrub/Naagrub_Larva</texPath>
	  <graphicClass>Graphic_Single</graphicClass>
	</graphicData>
    <costList>
      <MarroFlesh>600</MarroFlesh>
    </costList>
    <recipeMaker>
      <researchPrerequisite>DoomViper</researchPrerequisite>
      <skillRequirements>
        <Crafting>8</Crafting>
      </skillRequirements>
    </recipeMaker>
    <comps>
      <li Class="NewHatcher.CompProperties_Incubator">
        <hatcherDaystoHatch>1.5</hatcherDaystoHatch>
        <hatcherPawn>DoomViper</hatcherPawn>
      </li>
    </comps>
  </ThingDef>
  
</Defs>
  