<?xml version="1.0" encoding="utf-8" ?>
<Defs>

  <ThingDef ParentName="AnimalThingBase">
    <defName>DoomViper</defName>
    <label>DoomViper</label>
    <description>This terrifying creature is one of the Marros horrible creations. As strong as many men it can be used to tear through the ranks of soliders.</description>
    <statBases>
      <MoveSpeed>6.0</MoveSpeed>
      <MarketValue>2000</MarketValue>
      <ComfyTemperatureMin>-8</ComfyTemperatureMin>
	  <MeatAmount>0</MeatAmount>
    </statBases>
	<butcherProducts>
	  <MarroFlesh>120</MarroFlesh>
	</butcherProducts>
    <tools>
      <li>
        <label>Mouth</label>
        <capacities>
          <li>Scratch</li>
        </capacities>
        <power>30</power>
        <cooldownTime>2</cooldownTime>
        <linkedBodyPartsGroup>HeadAttackTool</linkedBodyPartsGroup>
      </li>
      <li>
        <label>Fangs</label>
        <capacities>
          <li>Blunt</li>
        </capacities>
        <power>25</power>
        <cooldownTime>2</cooldownTime>
        <linkedBodyPartsGroup>HeadAttackTool</linkedBodyPartsGroup>
      </li>
      <li>
        <capacities>
          <li>Bite</li>
        </capacities>
        <power>30</power>
        <cooldownTime>2.6</cooldownTime>
        <linkedBodyPartsGroup>Mouth</linkedBodyPartsGroup>
        <chanceFactor>0.7</chanceFactor>
      </li>
      <li>
        <label>head</label>
        <capacities>
          <li>Blunt</li>
        </capacities>
        <power>25</power>
        <cooldownTime>2</cooldownTime>
        <linkedBodyPartsGroup>HeadAttackTool</linkedBodyPartsGroup>
        <ensureLinkedBodyPartsGroupAlwaysUsable>true</ensureLinkedBodyPartsGroupAlwaysUsable>
        <chanceFactor>0.2</chanceFactor>
      </li>
    </tools>
    <race>
      <body>Snake</body>
      <baseHungerRate>2</baseHungerRate>
      <baseBodySize>3.0</baseBodySize>
      <baseHealthScale>10</baseHealthScale>
      <foodType>VegetarianRoughAnimal</foodType>
      <leatherDef>Marro_Leather</leatherDef>
      <wildness>0.98</wildness>
      <manhunterOnTameFailChance>0.10</manhunterOnTameFailChance>
      <manhunterOnDamageChance>0.10</manhunterOnDamageChance>
      <gestationPeriodDays>43</gestationPeriodDays>
      <nameOnTameChance>1</nameOnTameChance>
      <lifeExpectancy>45</lifeExpectancy>
      <herdAnimal>true</herdAnimal>
      <lifeStageAges>
        <li>
          <def>AnimalBaby</def>
          <minAge>0</minAge>
        </li>
        <li>
          <def>AnimalJuvenile</def>
          <minAge>0.3</minAge>
        </li>
        <li>
          <def>AnimalAdult</def>
          <minAge>1.0</minAge>
          <soundWounded>Pawn_Rhinoceros_Wounded</soundWounded>
          <soundDeath>Pawn_Rhinoceros_Death</soundDeath>
          <soundCall>Pawn_Rhinoceros_Call</soundCall>
          <soundAngry>Pawn_Rhinoceros_Angry</soundAngry>
        </li>
      </lifeStageAges>
      <soundMeleeHitPawn>Pawn_Melee_BigBash_HitPawn</soundMeleeHitPawn>
      <soundMeleeHitBuilding>Pawn_Melee_BigBash_HitBuilding</soundMeleeHitBuilding>
      <soundMeleeMiss>Pawn_Melee_BigBash_Miss</soundMeleeMiss>
    </race>
    <tradeTags>
      <li>AnimalFighter</li>
    </tradeTags>
  </ThingDef>
  <PawnKindDef ParentName="AnimalKindBase">
    <defName>DoomViper</defName>
    <label>doomviper</label>
    <labelPlural>vipers</labelPlural>
    <race>DoomViper</race>
    <combatPower>280</combatPower>
    <ecoSystemWeight>1.5</ecoSystemWeight>
    <wildGroupSize>1~4</wildGroupSize>
    <lifeStages>
      <li>
        <bodyGraphicData>
          <texPath>Things/DoomViper/DoomViper</texPath>
          <drawSize>1.5</drawSize>
          <shadowData>
            <volume>(0.475, 0.2, 0.3)</volume>
            <offset>(0,0,-0.2)</offset>
          </shadowData>
        </bodyGraphicData>
        <dessicatedBodyGraphicData>
          <texPath>Things/DoomViper/DoomViper</texPath>
          <drawSize>1.5</drawSize>
        </dessicatedBodyGraphicData>
      </li>
      <li>
        <bodyGraphicData>
          <texPath>Things/DoomViper/DoomViper</texPath>
          <drawSize>3</drawSize>
          <shadowData>
            <volume>(0.72, 0.3, 0.45)</volume>
            <offset>(0,0,-0.25)</offset>
          </shadowData>
        </bodyGraphicData>
        <dessicatedBodyGraphicData>
          <texPath>Things/DoomViper/DoomViper</texPath>
          <drawSize>3</drawSize>
        </dessicatedBodyGraphicData>
      </li>
      <li>
        <bodyGraphicData>
          <texPath>Things/DoomViper/DoomViper</texPath>
          <drawSize>4.5</drawSize>
          <shadowData>
            <volume>(0.95, 0.4, 0.6)</volume>
            <offset>(0,0,-0.3)</offset>
          </shadowData>
        </bodyGraphicData>
        <dessicatedBodyGraphicData>
          <texPath>Things/DoomViper/DoomViper</texPath>
          <drawSize>4.5</drawSize>
        </dessicatedBodyGraphicData>
      </li>
    </lifeStages>
  </PawnKindDef>
  
</Defs>