<?xml version="1.0" encoding="utf-8" ?>
<Defs>

  <ThingDef ParentName="AnimalThingBase">
    <defName>Naagrub</defName>
    <label>Naagrub</label>
    <description>Heavily-muscled wolf-like creatures with vicious unnatural claws and an absurdly powerful bite. They will only eat meat or corpses. If disturbed in the wild, they are very likely to attack.\n\nScientists say wargs are the descendants of weaponized military animals created for population suppression. The superstitious see them as the tools of an angry god.</description>
    <statBases>
      <MoveSpeed>5.4</MoveSpeed>
      <MarketValue>600</MarketValue>
	  <MeatAmount>0</MeatAmount>
    </statBases>
	<butcherProducts>
	  <MarroFlesh>40</MarroFlesh>
	</butcherProducts>
    <tools>
      <li>
        <label>left claw</label>
        <capacities>
          <li>Scratch</li>
        </capacities>
        <power>13</power>
        <cooldownTime>1.5</cooldownTime>
        <linkedBodyPartsGroup>FrontLeftPaw</linkedBodyPartsGroup>
        <surpriseAttack>
          <extraMeleeDamages>
            <li>
              <def>Stun</def>
              <amount>14</amount>
            </li>
          </extraMeleeDamages>
        </surpriseAttack>
      </li>
      <li>
        <label>right claw</label>
        <capacities>
          <li>Scratch</li>
        </capacities>
        <power>13</power>
        <cooldownTime>1.5</cooldownTime>
        <linkedBodyPartsGroup>FrontRightPaw</linkedBodyPartsGroup>
        <surpriseAttack>
          <extraMeleeDamages>
            <li>
              <def>Stun</def>
              <amount>14</amount>
            </li>
          </extraMeleeDamages>
        </surpriseAttack>
      </li>
      <li>
        <label>razorfangs</label>
        <capacities>
          <li>Bite</li>
        </capacities>
        <power>15</power>
        <cooldownTime>2</cooldownTime>
        <linkedBodyPartsGroup>Teeth</linkedBodyPartsGroup>
        <chanceFactor>0.9</chanceFactor>
        <surpriseAttack>
          <extraMeleeDamages>
            <li>
              <def>Stun</def>
              <amount>14</amount>
            </li>
          </extraMeleeDamages>
        </surpriseAttack>
      </li>
      <li>
        <label>head</label>
        <capacities>
          <li>Blunt</li>
        </capacities>
        <power>5</power>
        <cooldownTime>2</cooldownTime>
        <linkedBodyPartsGroup>HeadAttackTool</linkedBodyPartsGroup>
        <ensureLinkedBodyPartsGroupAlwaysUsable>true</ensureLinkedBodyPartsGroupAlwaysUsable>
        <chanceFactor>0.2</chanceFactor>
      </li>
    </tools>
    <race>
      <body>QuadrupedAnimalWithPawsAndTail</body>
      <predator>true</predator>
      <maxPreyBodySize>2.3</maxPreyBodySize>
      <petness>0.5</petness>
      <baseBodySize>1.0</baseBodySize>
      <baseHungerRate>0.25</baseHungerRate>
      <baseHealthScale>1.4</baseHealthScale>
      <foodType>OmnivoreAnimal, OvivoreAnimal</foodType>
      <leatherDef>Marro_Leather</leatherDef>
      <gestationPeriodDays>26</gestationPeriodDays>
      <nameOnTameChance>1</nameOnTameChance>
      <trainability>Advanced</trainability>
      <wildness>0.60</wildness>
      <manhunterOnTameFailChance>0.35</manhunterOnTameFailChance>
      <manhunterOnDamageChance>0.35</manhunterOnDamageChance>
      <litterSizeCurve>
        <points>
          <li>(0.5, 0)</li>
          <li>(1, 1)</li>
          <li>(2, 1.7)</li>
          <li>(2.5, 0.7)</li>
          <li>(3, 0)</li>
        </points>
      </litterSizeCurve>
      <lifeExpectancy>15</lifeExpectancy>
      <lifeStageAges>
        <li>
          <def>AnimalBaby</def>
          <minAge>0</minAge>
        </li>
        <li>
          <def>AnimalJuvenile</def>
          <minAge>0.2</minAge>
        </li>
        <li>
          <def>AnimalAdult</def>
          <minAge>0.45</minAge>
          <soundWounded>Pawn_Warg_Wounded</soundWounded>
          <soundDeath>Pawn_Warg_Death</soundDeath>
          <soundCall>Pawn_Warg_Call</soundCall>
          <soundAngry>Pawn_Warg_Angry</soundAngry>
        </li>
      </lifeStageAges>
      <soundMeleeHitPawn>Pawn_Melee_SmallScratch_HitPawn</soundMeleeHitPawn>
      <soundMeleeHitBuilding>Pawn_Melee_SmallScratch_HitBuilding</soundMeleeHitBuilding>
      <soundMeleeMiss>Pawn_Melee_SmallScratch_Miss</soundMeleeMiss>
    </race>
    <tradeTags>
      <li>AnimalUncommon</li>
      <li>AnimalFighter</li>
    </tradeTags>
  </ThingDef>
  
  <PawnKindDef ParentName="AnimalKindBase">
    <defName>Naagrub</defName>
    <label>naagrub</label>
    <race>Naagrub</race>
    <combatPower>160</combatPower>
    <ecoSystemWeight>0.5</ecoSystemWeight>
    <lifeStages>
      <li>
        <label>grub</label>
        <labelPlural>grubs</labelPlural>
        <bodyGraphicData>
          <texPath>Things/Naagrub/Naagrub</texPath>
          <drawSize>1.05</drawSize>
        </bodyGraphicData>
        <dessicatedBodyGraphicData>
          <texPath>Things/Naagrub/Naagrub</texPath>
          <drawSize>1.05</drawSize>
        </dessicatedBodyGraphicData>
      </li>
      <li>
        <bodyGraphicData>
          <texPath>Things/Naagrub/Naagrub</texPath>
          <drawSize>1.7</drawSize>
          <shadowData>
            <volume>(0.25, 0.3, 0.25)</volume>
            <offset>(0,0,-0.15)</offset>
          </shadowData>
        </bodyGraphicData>
        <dessicatedBodyGraphicData>
          <texPath>Things/Naagrub/Naagrub</texPath>
          <drawSize>1.7</drawSize>
        </dessicatedBodyGraphicData>
      </li>
      <li>
        <bodyGraphicData>
          <texPath>Things/Naagrub/Naagrub</texPath>
          <drawSize>2.05</drawSize>
          <shadowData>
            <volume>(0.3, 0.4, 0.3)</volume>
            <offset>(0,0,-0.15)</offset>
          </shadowData>
        </bodyGraphicData>
        <dessicatedBodyGraphicData>
          <texPath>Things/Naagrub/Naagrub</texPath>
          <drawSize>2.05</drawSize>
        </dessicatedBodyGraphicData>
      </li>
    </lifeStages>
  </PawnKindDef>
  
</Defs>