<?xml version="1.0" encoding="utf-8" ?>
<Defs>


  <WorkGiverDef>
    <defName>DoBillsMakeMarroWeapons</defName>
    <label>make weapons</label>
    <giverClass>WorkGiver_DoBill</giverClass>
    <workType>Smithing</workType>
    <priorityInType>115</priorityInType>
    <fixedBillGiverDefs>
      <li>BioForge</li>
	  <li>BioFabricator</li>
    </fixedBillGiverDefs>
    <verb>smith</verb>
    <gerund>smithing at</gerund>
    <requiredCapacities>
      <li>Manipulation</li>
    </requiredCapacities>
    <prioritizeSustains>true</prioritizeSustains>
  </WorkGiverDef>


</Defs>