<?xml version="1.0" encoding="utf-8" ?>
<Defs>

  <ThingDef ParentName="BenchBase">
    <defName>BioForge</defName>
    <label>bioforge</label>
    <description>A bioforge that can be used to fabricate Marro equipment.</description>
    <thingClass>Building_WorkTable</thingClass>
    <graphicData>
      <texPath>Things/Building/Production/BioForge/BioForge</texPath>
      <graphicClass>Graphic_Multi</graphicClass>
      <drawSize>(3.5,1.5)</drawSize>
      <shadowData>
        <volume>(2.8, 0.35, 0.59)</volume>
        <offset>(0, 0, 0.08)</offset>
      </shadowData>
      <damageData>
        <cornerTL>Damage/Corner</cornerTL>
        <cornerTR>Damage/Corner</cornerTR>
        <cornerBL>Damage/Corner</cornerBL>
        <cornerBR>Damage/Corner</cornerBR>
      </damageData>
    </graphicData>
    <costList>
      <MarroFlesh>100</MarroFlesh>
    </costList>
    <constructEffect>ConstructWood</constructEffect>
    <altitudeLayer>Building</altitudeLayer>
    <fillPercent>0.5</fillPercent>
    <useHitPoints>True</useHitPoints>
    <statBases>
      <WorkToBuild>3000</WorkToBuild>
      <MaxHitPoints>180</MaxHitPoints>
      <Flammability>0.5</Flammability>
      <Cleanliness>-3</Cleanliness>
    </statBases>
    <size>(3,1)</size>
    <designationCategory>Production</designationCategory>
    <passability>PassThroughOnly</passability>
    <pathCost>70</pathCost>
    <hasInteractionCell>True</hasInteractionCell>
    <interactionCellOffset>(0,0,-1)</interactionCellOffset>
    <surfaceType>Item</surfaceType>
    <constructionSkillPrerequisite>4</constructionSkillPrerequisite>
    <inspectorTabs>
      <li>ITab_Bills</li>
    </inspectorTabs>
    <building>
      <spawnedConceptLearnOpportunity>BillsTab</spawnedConceptLearnOpportunity>
    </building>
    <comps>
      <li Class="CompProperties_AffectedByFacilities">
        <linkableFacilities>
          <li>ToolCabinet</li>
        </linkableFacilities>
      </li>
    </comps>
    <placeWorkers>
      <li>PlaceWorker_ShowFacilitiesConnections</li>
      <li>PlaceWorker_PreventInteractionSpotOverlap</li>
    </placeWorkers>
    <researchPrerequisites>
      <li>Bioforge</li>
    </researchPrerequisites>
  </ThingDef>
  
  
    <ThingDef ParentName="BenchBase">
    <defName>BioFabricator</defName>
    <label>biofabricator</label>
    <description>A organic system that can be used to produce marro larvae. These will eventually grow into adult Marro.</description>
    <thingClass>Building_WorkTable</thingClass>
    <graphicData>
      <texPath>Things/Building/Production/BioFabricator/BioFabricator</texPath>
      <graphicClass>Graphic_Multi</graphicClass>
      <drawSize>(7,4)</drawSize>
      <shadowData>
        <volume>(2.8, 0.35, 0.59)</volume>
        <offset>(0, 0, 0.08)</offset>
      </shadowData>
      <damageData>
        <cornerTL>Damage/Corner</cornerTL>
        <cornerTR>Damage/Corner</cornerTR>
        <cornerBL>Damage/Corner</cornerBL>
        <cornerBR>Damage/Corner</cornerBR>
      </damageData>
    </graphicData>
    <costList>
      <Steel>50</Steel>
      <MarroFlesh>300</MarroFlesh>
    </costList>
    <constructEffect>ConstructWood</constructEffect>
    <altitudeLayer>Building</altitudeLayer>
    <fillPercent>0.5</fillPercent>
    <useHitPoints>True</useHitPoints>
    <statBases>
      <MaxHitPoints>300</MaxHitPoints>
      <WorkToBuild>5000</WorkToBuild>
      <Flammability>1.0</Flammability>
    </statBases>
    <size>(5,2)</size>
    <designationCategory>Production</designationCategory>
    <passability>PassThroughOnly</passability>
    <pathCost>70</pathCost>
    <hasInteractionCell>True</hasInteractionCell>
    <interactionCellOffset>(0,0,-1)</interactionCellOffset>
    <surfaceType>Item</surfaceType>
    <constructionSkillPrerequisite>4</constructionSkillPrerequisite>
    <inspectorTabs>
      <li>ITab_Bills</li>
    </inspectorTabs>
    <building>
      <spawnedConceptLearnOpportunity>BillsTab</spawnedConceptLearnOpportunity>
    </building>
    <comps>
		<li Class="CompProperties_AffectedByFacilities">
        <linkableFacilities>
          <li>ToolCabinet</li>
        </linkableFacilities>
      </li>
    </comps>
    <placeWorkers>
      <li>PlaceWorker_ShowFacilitiesConnections</li>
      <li>PlaceWorker_PreventInteractionSpotOverlap</li>
    </placeWorkers>
    <researchPrerequisites>
      <li>MarroHive</li>
    </researchPrerequisites>
  </ThingDef>
  
  
 </Defs>