<?xml version="1.0" encoding="utf-8" ?>
<Defs>


  <ResearchProjectDef>
    <defName>MarroMushrooms</defName>
    <label>marro mushrooms</label>
    <tab>MarroResearch</tab>
    <techLevel>Neolithic</techLevel>
    <description>This research unlocks marro mushrooms. They are used to produce Marroflesh.</description>
    <baseCost>400</baseCost>
		<researchViewX>0</researchViewX>
		<researchViewY>0</researchViewY>
  </ResearchProjectDef>
  
  
  <ResearchProjectDef>
    <defName>Bioforge</defName>
    <label>Bioforge</label>
    <tab>MarroResearch</tab>
    <techLevel>Neolithic</techLevel>
    <description>Bioforges are used to fabricate marro equipment.</description>
    <baseCost>800</baseCost>
    <prerequisites>
      <li>MarroMushrooms</li>
    </prerequisites>
    
		<researchViewX>0</researchViewX>
		<researchViewY>1</researchViewY>
  </ResearchProjectDef>  
  
  
  <ResearchProjectDef>
    <defName>MarroHive</defName>
    <label>biofabrication</label>
    <tab>MarroResearch</tab>
    <techLevel>Neolithic</techLevel>
    <description>Hives are used to make Marro.</description>
    <baseCost>1200</baseCost>
    <prerequisites>
      <li>Bioforge</li>
    </prerequisites>
    
		<researchViewX>0</researchViewX>
		<researchViewY>3</researchViewY>
  </ResearchProjectDef>  
  
  
    <ResearchProjectDef>
    <defName>Pawns1</defName>
    <label>basic pawns</label>
    <tab>MarroResearch</tab>
    <techLevel>Neolithic</techLevel>
    <description>Unlocks the ability to craft Marro Drones and Warriors</description>
    <baseCost>700</baseCost>
    <prerequisites>
      <li>MarroHive</li>
    </prerequisites>
    
		<researchViewX>1</researchViewX>
		<researchViewY>3</researchViewY>
  </ResearchProjectDef>  
  
    <ResearchProjectDef>
    <defName>Pawns2</defName>
    <label>Overlord</label>
    <tab>MarroResearch</tab>
    <techLevel>Neolithic</techLevel>
    <description>Unlocks the ability to craft Overlords, a species designed for war.</description>
    <baseCost>1200</baseCost>
    <prerequisites>
      <li>Pawns1</li>
    </prerequisites>
    
		<researchViewX>2</researchViewX>
		<researchViewY>3</researchViewY>
  </ResearchProjectDef>  
  
  
      <ResearchProjectDef>
    <defName>Pawns3</defName>
    <label>Hivelord</label>
    <tab>MarroResearch</tab>
    <techLevel>Neolithic</techLevel>
    <description>Unlocks the ability to craft Hivelord, the ultimate evolution of Marro.</description>
    <baseCost>1200</baseCost>
    <prerequisites>
      <li>Pawns2</li>
    </prerequisites>
    
		<researchViewX>3</researchViewX>
		<researchViewY>3</researchViewY>
  </ResearchProjectDef>  
  
  
  <ResearchProjectDef>
    <defName>MarroMelee</defName>
    <label>basic marro melee</label>
    <tab>MarroResearch</tab>
    <techLevel>Neolithic</techLevel>
    <description>This research unlocks the basic melee weapons for the Marro.</description>
    <baseCost>800</baseCost>
    <prerequisites>
      <li>Bioforge</li>
    </prerequisites>
    
		<researchViewX>1</researchViewX>
		<researchViewY>1</researchViewY>
  </ResearchProjectDef>    
  
  
  <ResearchProjectDef>
    <defName>BoneCleaver</defName>
    <label>bone cleaver</label>
    <tab>MarroResearch</tab>
    <techLevel>Neolithic</techLevel>
    <description>Bone cleavers are huge weapons meant to be used by hivelords.</description>
    <baseCost>1000</baseCost>
    <prerequisites>
      <li>MarroMelee</li>
    </prerequisites>
    
		<researchViewX>2</researchViewX>
		<researchViewY>1</researchViewY>
  </ResearchProjectDef>     
  
  
  <ResearchProjectDef>
    <defName>MarroRanged</defName>
    <label>basic marro ranged</label>
    <tab>MarroResearch</tab>
    <techLevel>Neolithic</techLevel>
    <description>This research unlocks the basic ranged weapons for the Marro.</description>
    <baseCost>800</baseCost>
    <prerequisites>
      <li>Bioforge</li>
    </prerequisites>
    
		<researchViewX>1</researchViewX>
		<researchViewY>2</researchViewY>
  </ResearchProjectDef>    
  
  
  <ResearchProjectDef>
    <defName>Stinger</defName>
    <label>stinger</label>
    <tab>MarroResearch</tab>
    <techLevel>Neolithic</techLevel>
    <description>Stingers are huge weapons meant to be used by hivelords.</description>
    <baseCost>1000</baseCost>
    <prerequisites>
      <li>MarroRanged</li>
    </prerequisites>
    
		<researchViewX>2</researchViewX>
		<researchViewY>2</researchViewY>
  </ResearchProjectDef>     
    
	
  <ResearchProjectDef>
    <defName>DoomViper</defName>
    <label>DoomViper</label>
    <tab>MarroResearch</tab>
    <techLevel>Neolithic</techLevel>
    <description>Unlocks the ability to craft DoomVipers</description>
    <baseCost>1000</baseCost>
    <prerequisites>
      <li>MarroHive</li>
    </prerequisites>
    
		<researchViewX>1</researchViewX>
		<researchViewY>4</researchViewY>
  </ResearchProjectDef>  
  
  
  
</Defs>